employee_id,hire_date,term_date,business_unit_id,job_family,job_level,location,exempt_flag,fte,manager_id
E00001,2025-01-02,,BU023,Ops,3,FL,1,1.0,M0085
E00002,2022-08-20,,BU013,Engineering,2,WA,0,1.0,M0245
E00003,2023-01-27,2024-05-18,BU022,Marketing,5,IL,0,1.0,M0233
E00004,2024-08-26,,BU012,Clinical,7,CA,1,0.75,M0154
E00005,2023-10-02,,BU005,HR,1,NY,1,1.0,M0146
E00006,2024-03-07,,BU026,Finance,5,Remote,1,0.6,M0180
E00007,2019-09-02,2021-09-16,BU005,Clinical,1,WA,0,0.75,M0215
E00008,2018-05-31,,BU020,Finance,5,NY,1,0.75,M0166
E00009,2020-03-23,,BU012,Engineering,7,TX,1,1.0,M0058
E00010,2024-06-23,,BU030,Support,6,CA,1,1.0,M0052
E00011,2024-10-07,,BU011,Ops,5,CA,0,1.0,M0239
E00012,2018-01-15,,BU027,Ops,4,Remote,0,0.6,M0214
E00013,2021-09-15,,BU009,Marketing,1,TX,1,0.75,M0050
E00014,2024-02-02,,BU004,HR,4,FL,0,1.0,M0162
E00015,2018-12-22,,BU012,Support,7,TX,1,1.0,M0101
E00016,2023-11-29,,BU016,HR,3,Remote,1,1.0,M0056
E00017,2018-11-19,,BU030,Support,2,CA,1,1.0,M0144
E00018,2021-06-21,,BU024,Marketing,7,NY,1,1.0,M0095
E00019,2024-01-20,,BU013,Marketing,4,IL,1,1.0,M0209
E00020,2020-03-31,,BU003,Sales,7,Remote,0,1.0,M0036
E00021,2020-07-14,,BU012,Engineering,1,CA,0,0.6,M0179
E00022,2020-01-24,2022-12-10,BU017,Ops,2,TX,1,0.8,M0109
E00023,2023-05-03,,BU015,HR,5,NY,0,1.0,M0228
E00024,2019-11-22,,BU030,Finance,6,IL,0,0.75,M0248
E00025,2025-05-06,,BU009,Ops,7,CA,1,1.0,M0135
E00026,2021-04-20,,BU008,Clinical,2,IL,1,0.8,M0096
E00027,2021-07-18,2024-11-21,BU009,Sales,2,FL,1,1.0,M0199
E00028,2021-09-28,,BU004,Sales,2,Remote,1,1.0,M0099
E00029,2022-04-27,,BU004,Clinical,6,WA,1,1.0,M0106
E00030,2022-02-07,,BU009,Support,2,NY,1,1.0,M0201
E00031,2021-10-11,,BU007,Marketing,7,WA,0,0.8,M0008
E00032,2025-05-19,,BU011,Sales,5,TX,1,1.0,M0021
E00033,2023-12-28,,BU023,Support,5,TX,0,1.0,M0057
E00034,2023-11-17,,BU009,Clinical,2,Remote,1,1.0,M0030
E00035,2023-03-12,,BU025,Support,6,CA,0,1.0,M0011
E00036,2022-08-12,,BU013,Sales,2,Remote,0,1.0,M0187
E00037,2020-07-12,,BU005,Finance,2,CA,1,1.0,M0017
E00038,2025-05-02,,BU026,Marketing,1,CA,0,1.0,M0033
E00039,2021-06-16,,BU008,Engineering,2,CA,1,1.0,M0010
E00040,2019-08-07,2023-04-02,BU016,Sales,3,WA,0,1.0,M0153
E00041,2024-04-07,,BU001,Ops,1,Remote,1,1.0,M0044
E00042,2019-03-10,,BU018,Clinical,6,Remote,0,1.0,M0205
E00043,2024-05-10,2025-11-08,BU022,Ops,3,Remote,1,0.6,M0166
E00044,2022-07-17,2025-11-13,BU004,Support,1,TX,1,1.0,M0141
E00045,2018-11-07,2022-08-16,BU014,Clinical,7,CA,0,1.0,M0046
E00046,2018-04-29,,BU002,HR,4,FL,0,0.6,M0021
E00047,2021-04-19,,BU020,Sales,5,Remote,0,1.0,M0240
E00048,2018-04-07,2022-04-08,BU029,Ops,5,CA,0,1.0,M0052
E00049,2019-01-19,,BU021,HR,6,Remote,1,1.0,M0109
E00050,2021-10-26,2025-07-31,BU011,Engineering,1,CA,1,1.0,M0136
E00051,2025-03-12,,BU021,HR,3,Remote,1,1.0,M0147
E00052,2021-06-16,2025-06-21,BU029,Finance,3,NY,1,1.0,M0239
E00053,2023-12-30,,BU017,Clinical,4,Remote,1,1.0,M0043
E00054,2024-10-19,2024-11-23,BU011,Finance,7,Remote,0,1.0,M0164
E00055,2024-02-08,,BU005,Sales,1,CA,0,1.0,M0158
E00056,2022-08-31,,BU020,Support,7,NY,1,1.0,M0175
E00057,2021-04-10,,BU029,Clinical,4,WA,1,0.8,M0244
E00058,2021-10-24,,BU020,Finance,6,TX,1,0.8,M0149
E00059,2019-12-23,,BU028,Sales,7,CA,1,1.0,M0205
E00060,2021-09-07,,BU003,Finance,2,TX,1,0.75,M0082
E00061,2020-10-24,,BU004,HR,2,TX,0,1.0,M0064
E00062,2019-11-02,2023-10-05,BU003,Finance,6,CA,0,1.0,M0152
E00063,2025-05-13,,BU028,Sales,3,NY,1,0.6,M0108
E00064,2018-02-01,,BU014,Finance,4,Remote,1,0.6,M0003
E00065,2018-09-21,,BU020,Ops,3,CA,1,0.5,M0118
E00066,2019-06-06,2025-04-23,BU004,Finance,2,Remote,1,1.0,M0104
E00067,2025-03-09,,BU001,Clinical,6,NY,0,0.6,M0200
E00068,2023-02-18,,BU009,Sales,4,CA,0,1.0,M0203
E00069,2024-07-16,,BU025,Sales,1,Remote,0,1.0,M0152
E00070,2019-06-28,,BU006,HR,7,NY,1,0.75,M0052
E00071,2023-05-07,,BU025,Marketing,1,TX,0,0.8,M0131
E00072,2020-09-27,,BU010,HR,7,TX,1,1.0,M0163
E00073,2021-08-17,2025-01-21,BU022,Marketing,5,Remote,0,0.5,M0012
E00074,2018-01-11,,BU014,Sales,3,CA,1,1.0,M0181
E00075,2022-07-31,2025-11-24,BU010,Ops,3,CA,1,1.0,M0112
E00076,2024-02-26,,BU010,Support,1,WA,1,0.8,M0040
E00077,2019-02-23,,BU009,Ops,3,CA,1,0.8,M0086
E00078,2021-12-16,,BU011,Ops,7,Remote,1,1.0,M0215
E00079,2019-12-26,,BU016,Engineering,7,NY,0,1.0,M0065
E00080,2025-02-25,,BU015,Sales,7,IL,0,1.0,M0061
E00081,2024-07-11,,BU020,Engineering,5,Remote,1,1.0,M0216
E00082,2019-05-20,,BU021,Engineering,4,NY,1,1.0,M0241
E00083,2021-10-12,,BU012,Clinical,6,WA,1,1.0,M0098
E00084,2024-12-19,,BU002,HR,2,NY,1,1.0,M0087
E00085,2024-04-13,,BU017,HR,7,NY,1,1.0,M0069
E00086,2023-04-02,,BU030,Sales,4,WA,0,1.0,M0153
E00087,2022-09-29,2024-08-24,BU028,Clinical,4,WA,1,1.0,M0025
E00088,2018-04-25,,BU013,HR,5,TX,1,1.0,M0238
E00089,2023-07-02,,BU028,Support,5,Remote,1,1.0,M0034
E00090,2021-07-06,,BU028,Engineering,4,CA,1,1.0,M0205
E00091,2018-09-05,,BU011,Support,7,Remote,0,1.0,M0224
E00092,2019-10-25,,BU001,Clinical,3,WA,1,0.75,M0122
E00093,2022-01-05,,BU017,Clinical,6,WA,1,1.0,M0135
E00094,2023-05-23,2024-09-20,BU002,Marketing,2,CA,1,1.0,M0049
E00095,2021-10-07,2025-02-11,BU023,Finance,3,TX,0,1.0,M0128
E00096,2022-07-18,,BU003,Support,3,TX,1,1.0,M0154
E00097,2024-06-17,,BU006,Support,2,FL,1,1.0,M0168
E00098,2023-02-01,,BU028,Finance,1,Remote,1,1.0,M0147
E00099,2020-09-05,,BU018,Clinical,4,WA,0,0.75,M0157
E00100,2022-10-08,,BU013,Finance,2,Remote,1,1.0,M0016
E00101,2022-06-08,,BU004,Clinical,7,WA,0,1.0,M0006
E00102,2018-10-21,,BU026,Finance,7,TX,0,0.8,M0096
E00103,2018-06-10,,BU015,Finance,3,CA,1,1.0,M0047
E00104,2022-11-23,,BU021,Sales,1,Remote,1,1.0,M0231
E00105,2020-11-15,2024-06-13,BU002,Clinical,6,TX,0,0.6,M0174
E00106,2022-06-09,,BU003,Marketing,6,Remote,1,0.6,M0132
E00107,2020-05-24,,BU021,HR,3,CA,1,0.8,M0171
E00108,2019-09-04,2025-02-13,BU011,Ops,6,FL,0,1.0,M0046
E00109,2019-02-11,,BU024,Clinical,1,WA,0,1.0,M0192
E00110,2020-10-30,,BU010,Sales,3,NY,1,0.6,M0161
E00111,2024-01-20,,BU009,Clinical,2,FL,1,0.5,M0201
E00112,2020-12-21,,BU014,Clinical,5,CA,0,1.0,M0114
E00113,2020-10-24,,BU004,Marketing,1,NY,1,1.0,M0168
E00114,2022-04-08,,BU023,Engineering,2,Remote,1,1.0,M0229
E00115,2025-04-04,,BU019,Ops,2,CA,0,1.0,M0085
E00116,2020-11-28,2022-12-26,BU003,HR,5,NY,0,1.0,M0123
E00117,2022-05-17,,BU028,HR,3,CA,1,1.0,M0170
E00118,2021-04-05,2024-01-10,BU028,Marketing,5,CA,1,1.0,M0007
E00119,2022-06-27,,BU021,Support,1,NY,1,0.5,M0132
E00120,2021-04-21,2024-09-05,BU015,Finance,6,NY,0,0.75,M0041
E00121,2022-09-24,,BU014,Marketing,5,FL,1,1.0,M0162
E00122,2022-01-21,,BU011,Engineering,4,Remote,1,1.0,M0044
E00123,2023-01-06,2024-07-24,BU019,HR,3,Remote,0,0.6,M0018
E00124,2025-02-03,,BU021,Ops,7,TX,0,1.0,M0238
E00125,2019-02-13,,BU026,Marketing,5,NY,0,1.0,M0058
E00126,2022-03-01,,BU009,Marketing,7,FL,1,1.0,M0090
E00127,2021-04-07,,BU024,Clinical,2,Remote,1,0.8,M0137
E00128,2019-10-11,,BU022,Ops,5,FL,0,0.8,M0088
E00129,2018-05-22,,BU020,Engineering,5,NY,1,0.8,M0139
E00130,2020-12-25,,BU013,Finance,5,CA,1,0.75,M0245
E00131,2024-02-16,,BU029,Clinical,4,Remote,1,1.0,M0010
E00132,2018-09-19,,BU015,Marketing,2,WA,1,1.0,M0052
E00133,2021-01-04,,BU012,Engineering,3,TX,1,1.0,M0095
E00134,2025-03-05,,BU006,Marketing,7,Remote,1,1.0,M0156
E00135,2025-01-20,,BU013,Sales,2,CA,1,1.0,M0127
E00136,2019-08-06,,BU007,Marketing,5,Remote,1,1.0,M0237
E00137,2018-01-21,,BU009,Support,5,WA,1,1.0,M0039
E00138,2022-12-25,,BU026,Support,7,CA,1,1.0,M0228
E00139,2018-02-08,2024-12-10,BU023,Marketing,3,NY,1,1.0,M0020
E00140,2020-03-24,,BU018,Sales,3,Remote,1,1.0,M0041
E00141,2021-09-08,,BU029,Sales,1,TX,0,1.0,M0109
E00142,2024-06-25,,BU013,Ops,7,Remote,1,1.0,M0118
E00143,2018-09-09,,BU012,Support,4,TX,0,1.0,M0235
E00144,2022-11-29,,BU024,Finance,1,Remote,1,0.75,M0064
E00145,2021-12-14,,BU007,HR,1,CA,1,1.0,M0118
E00146,2018-12-23,,BU028,Ops,4,WA,1,0.6,M0175
E00147,2024-04-08,,BU002,HR,4,CA,1,0.8,M0157
E00148,2024-04-07,,BU005,Marketing,1,Remote,0,1.0,M0062
E00149,2021-07-31,,BU018,Ops,7,NY,1,1.0,M0035
E00150,2025-01-02,,BU030,Ops,2,FL,1,1.0,M0045
E00151,2022-07-02,,BU021,HR,3,WA,1,0.8,M0102
E00152,2024-09-13,,BU001,HR,6,Remote,1,0.75,M0068
E00153,2025-02-14,,BU026,Sales,4,Remote,1,1.0,M0131
E00154,2022-03-23,2024-01-25,BU019,Sales,1,CA,1,1.0,M0033
E00155,2020-01-31,,BU012,Engineering,5,WA,1,1.0,M0013
E00156,2019-01-29,,BU008,Ops,3,Remote,1,1.0,M0180
E00157,2022-03-05,,BU007,Marketing,6,Remote,0,1.0,M0175
E00158,2019-06-06,,BU008,Finance,2,Remote,1,1.0,M0070
E00159,2023-07-25,,BU001,HR,5,WA,1,1.0,M0102
E00160,2024-11-17,,BU015,Ops,6,IL,1,1.0,M0101
E00161,2019-10-27,,BU012,Sales,2,CA,1,1.0,M0022
E00162,2022-02-04,2025-05-02,BU019,Marketing,1,TX,1,1.0,M0069
E00163,2018-05-14,2021-08-04,BU023,HR,4,IL,1,1.0,M0066
E00164,2019-05-04,,BU014,Clinical,3,WA,0,1.0,M0096
E00165,2024-07-22,,BU014,Sales,5,TX,0,1.0,M0171
E00166,2025-03-10,,BU022,HR,6,TX,0,0.75,M0077
E00167,2022-10-04,2025-10-30,BU022,HR,7,CA,1,1.0,M0150
E00168,2022-04-29,,BU029,Support,5,CA,1,1.0,M0089
E00169,2022-03-23,,BU016,Finance,7,Remote,1,0.8,M0127
E00170,2018-06-14,,BU006,Support,5,CA,1,1.0,M0178
E00171,2020-10-15,2024-05-28,BU016,Marketing,7,Remote,0,0.6,M0138
E00172,2025-04-16,,BU008,HR,7,Remote,1,0.8,M0044
E00173,2021-01-17,,BU015,Sales,2,Remote,1,1.0,M0248
E00174,2019-08-01,,BU019,Support,1,Remote,1,0.6,M0172
E00175,2019-10-11,2024-01-20,BU007,Marketing,1,CA,1,1.0,M0158
E00176,2023-04-16,,BU013,Marketing,5,CA,1,0.8,M0087
E00177,2018-04-14,,BU001,Sales,3,WA,0,1.0,M0080
E00178,2025-03-10,,BU010,Engineering,6,CA,1,1.0,M0024
E00179,2024-06-30,,BU029,Ops,7,CA,0,1.0,M0108
E00180,2022-03-17,,BU016,HR,6,Remote,0,1.0,M0030
E00181,2021-06-20,,BU016,Finance,3,Remote,0,1.0,M0109
E00182,2023-08-24,2025-06-04,BU021,Marketing,5,Remote,1,0.6,M0226
E00183,2022-01-22,,BU027,Clinical,5,WA,1,0.8,M0232
E00184,2021-07-16,2024-01-16,BU028,Marketing,1,Remote,1,1.0,M0011
E00185,2020-05-22,2023-11-07,BU001,Support,1,Remote,1,0.75,M0144
E00186,2021-04-24,,BU029,HR,1,TX,1,0.8,M0070
E00187,2023-07-28,,BU009,Support,4,CA,1,1.0,M0045
E00188,2018-05-30,,BU025,Ops,6,CA,1,1.0,M0216
E00189,2018-03-10,,BU003,Sales,6,TX,0,0.8,M0026
E00190,2023-05-05,,BU011,Support,5,Remote,1,1.0,M0020
E00191,2020-10-04,,BU010,Ops,7,CA,1,1.0,M0024
E00192,2023-12-17,,BU027,Clinical,2,TX,0,0.5,M0053
E00193,2018-03-24,,BU011,Marketing,2,TX,0,0.8,M0073
E00194,2024-09-22,,BU022,Sales,1,Remote,0,1.0,M0068
E00195,2018-11-29,,BU012,Clinical,1,CA,1,1.0,M0054
E00196,2021-01-30,,BU006,Engineering,4,FL,0,0.6,M0209
E00197,2025-03-04,,BU023,Clinical,6,TX,1,1.0,M0205
E00198,2018-10-21,,BU029,HR,1,FL,1,0.75,M0029
E00199,2022-11-17,2024-07-30,BU026,Ops,6,Remote,0,1.0,M0038
E00200,2023-05-26,,BU008,Marketing,6,Remote,0,1.0,M0237
E00201,2021-03-05,,BU025,Ops,1,Remote,1,0.6,M0187
E00202,2018-08-02,2023-09-02,BU021,HR,3,WA,1,1.0,M0030
E00203,2021-11-19,,BU015,Ops,5,WA,0,1.0,M0031
E00204,2021-03-19,,BU021,Sales,6,CA,1,0.8,M0142
E00205,2024-06-21,,BU018,Clinical,6,WA,1,1.0,M0001
E00206,2023-01-22,,BU028,Ops,1,CA,0,0.8,M0194
E00207,2020-07-21,,BU009,Sales,1,Remote,1,1.0,M0238
E00208,2018-06-07,,BU020,HR,4,CA,0,0.6,M0140
E00209,2022-05-18,,BU005,HR,2,CA,1,1.0,M0214
E00210,2020-01-28,,BU030,Marketing,1,Remote,1,1.0,M0127
E00211,2023-01-26,2025-09-02,BU010,Sales,4,Remote,0,1.0,M0218
E00212,2024-05-28,,BU002,Sales,6,Remote,0,1.0,M0110
E00213,2020-08-20,,BU024,Support,4,TX,0,1.0,M0073
E00214,2024-09-12,2025-01-18,BU002,Finance,4,CA,1,0.6,M0064
E00215,2021-11-06,,BU005,Finance,5,Remote,0,1.0,M0001
E00216,2021-12-08,2024-07-30,BU006,Marketing,2,WA,1,1.0,M0249
E00217,2023-09-04,,BU011,Sales,5,Remote,1,1.0,M0007
E00218,2023-11-07,,BU018,Ops,7,CA,1,1.0,M0101
E00219,2024-09-28,,BU018,Marketing,1,CA,1,1.0,M0077
E00220,2025-05-29,,BU013,HR,5,IL,0,1.0,M0160
E00221,2019-02-14,,BU027,HR,3,FL,1,1.0,M0183
E00222,2021-01-22,,BU003,Support,3,IL,0,0.6,M0146
E00223,2024-12-02,,BU006,Engineering,2,NY,1,1.0,M0021
E00224,2020-04-13,2023-08-13,BU007,Ops,6,IL,0,1.0,M0241
E00225,2018-01-15,2022-04-28,BU005,Marketing,4,CA,0,1.0,M0212
E00226,2022-04-10,,BU018,Marketing,3,CA,1,1.0,M0062
E00227,2023-08-02,,BU023,Ops,7,TX,1,1.0,M0138
E00228,2023-07-06,,BU013,Support,7,IL,0,0.75,M0039
E00229,2024-01-04,,BU016,Sales,1,WA,1,1.0,M0137
E00230,2022-10-10,2025-07-25,BU023,Sales,3,CA,0,0.6,M0225
E00231,2019-01-06,,BU024,Support,3,NY,0,0.6,M0216
E00232,2024-04-13,,BU015,Engineering,7,TX,1,1.0,M0128
E00233,2021-02-08,,BU022,Finance,1,WA,1,1.0,M0116
E00234,2024-04-13,,BU027,Engineering,1,Remote,1,0.8,M0161
E00235,2024-01-17,,BU014,Sales,6,Remote,1,1.0,M0145
E00236,2025-03-12,,BU023,Clinical,6,CA,1,1.0,M0157
E00237,2018-02-08,,BU021,HR,3,NY,1,1.0,M0241
E00238,2024-06-03,,BU015,HR,3,WA,0,1.0,M0196
E00239,2022-08-29,,BU015,Engineering,1,TX,0,1.0,M0177
E00240,2021-08-07,2024-08-09,BU011,Finance,3,CA,0,1.0,M0210
E00241,2023-11-18,,BU026,Ops,4,CA,1,1.0,M0009
E00242,2025-01-22,,BU007,Sales,5,CA,1,1.0,M0176
E00243,2021-10-21,,BU009,Marketing,3,CA,1,1.0,M0060
E00244,2018-08-25,2025-04-13,BU009,HR,1,FL,0,1.0,M0002
E00245,2023-05-20,2025-09-18,BU006,Finance,2,CA,1,0.8,M0002
E00246,2019-09-17,,BU011,Sales,2,Remote,1,0.6,M0210
E00247,2019-09-06,2023-01-08,BU022,Ops,7,Remote,1,1.0,M0155
E00248,2019-06-07,,BU011,Marketing,1,WA,0,1.0,M0011
E00249,2019-06-22,2022-02-18,BU005,Engineering,6,FL,0,1.0,M0136
E00250,2024-09-30,,BU006,Marketing,6,Remote,0,0.75,M0215
E00251,2020-09-10,,BU014,Support,4,CA,0,1.0,M0230
E00252,2018-10-15,,BU015,HR,2,IL,1,0.5,M0001
E00253,2019-05-01,,BU012,Finance,1,NY,0,1.0,M0069
E00254,2020-12-05,2025-05-30,BU004,Clinical,4,WA,1,1.0,M0194
E00255,2020-07-26,,BU015,Support,6,WA,0,1.0,M0053
E00256,2020-04-19,,BU027,Finance,3,CA,1,1.0,M0160
E00257,2025-01-11,,BU014,Ops,6,FL,0,1.0,M0164
E00258,2024-06-04,,BU017,HR,2,CA,1,0.5,M0007
E00259,2022-04-02,,BU022,HR,3,TX,1,0.5,M0048
E00260,2025-04-25,,BU003,HR,7,Remote,0,1.0,M0189
E00261,2020-07-09,,BU018,Engineering,5,TX,1,0.8,M0204
E00262,2019-01-08,,BU010,Marketing,4,WA,0,1.0,M0145
E00263,2020-01-06,,BU013,Sales,4,Remote,1,1.0,M0206
E00264,2018-08-30,,BU008,HR,5,IL,1,0.5,M0031
E00265,2025-01-22,,BU004,HR,4,IL,0,1.0,M0060
E00266,2019-08-17,2023-03-08,BU005,Engineering,5,WA,1,1.0,M0220
E00267,2021-04-18,,BU019,Support,2,FL,1,0.6,M0014
E00268,2019-07-02,,BU015,Marketing,6,TX,1,1.0,M0148
E00269,2025-04-08,,BU003,Engineering,1,IL,1,1.0,M0157
E00270,2019-03-05,2024-08-13,BU006,HR,2,TX,1,1.0,M0116
E00271,2021-10-28,,BU022,Sales,3,CA,1,1.0,M0092
E00272,2025-01-18,,BU005,Support,1,Remote,0,1.0,M0237
E00273,2021-11-12,2025-06-14,BU026,Ops,6,FL,1,0.75,M0225
E00274,2024-08-31,,BU022,Ops,4,Remote,0,1.0,M0051
E00275,2024-08-24,,BU020,Ops,6,WA,1,1.0,M0161
E00276,2023-09-11,,BU013,Clinical,2,WA,1,0.8,M0045
E00277,2023-07-05,,BU006,Support,7,CA,1,1.0,M0037
E00278,2022-04-11,2025-06-15,BU021,Support,1,WA,1,1.0,M0224
E00279,2022-04-22,2025-09-19,BU014,HR,5,TX,1,1.0,M0154
E00280,2024-03-01,,BU015,Support,7,CA,0,1.0,M0041
E00281,2021-03-01,,BU022,Ops,7,WA,1,0.6,M0064
E00282,2025-01-05,,BU016,Marketing,5,WA,0,1.0,M0205
E00283,2024-07-06,,BU002,Engineering,7,Remote,1,1.0,M0205
E00284,2020-10-10,,BU010,Clinical,3,NY,0,1.0,M0053
E00285,2021-01-19,2025-07-05,BU019,Ops,3,Remote,1,0.5,M0050
E00286,2023-04-19,,BU013,Marketing,1,CA,0,1.0,M0204
E00287,2024-11-03,,BU006,Finance,5,CA,1,1.0,M0250
E00288,2018-09-19,,BU015,HR,6,Remote,1,0.5,M0103
E00289,2018-07-06,,BU011,Support,1,CA,0,1.0,M0245
E00290,2019-11-03,,BU011,Engineering,4,CA,1,0.75,M0155
E00291,2021-03-10,,BU008,Sales,5,NY,1,1.0,M0236
E00292,2019-03-17,2022-05-25,BU025,Sales,2,WA,0,0.6,M0152
E00293,2021-11-07,,BU018,HR,4,CA,1,1.0,M0144
E00294,2022-01-05,,BU008,Ops,7,IL,0,0.75,M0099
E00295,2025-01-19,,BU023,Engineering,6,IL,1,1.0,M0226
E00296,2023-07-13,,BU007,Finance,7,CA,1,1.0,M0130
E00297,2019-11-11,,BU008,Clinical,4,NY,1,1.0,M0030
E00298,2023-10-31,,BU011,Clinical,7,NY,1,0.8,M0163
E00299,2023-12-23,,BU029,Sales,7,Remote,0,1.0,M0064
E00300,2023-01-15,,BU024,Support,6,CA,1,0.5,M0035
E00301,2023-01-06,,BU020,Support,4,WA,0,0.8,M0008
E00302,2020-04-19,,BU026,Ops,4,IL,0,1.0,M0229
E00303,2023-04-26,,BU026,Support,4,CA,0,1.0,M0038
E00304,2019-01-01,,BU017,Marketing,3,Remote,0,1.0,M0206
E00305,2022-09-02,,BU027,Finance,4,Remote,0,0.75,M0206
E00306,2024-10-30,,BU011,Sales,5,TX,1,1.0,M0053
E00307,2025-03-15,,BU012,Engineering,6,Remote,0,1.0,M0135
E00308,2020-03-18,,BU020,HR,2,WA,1,1.0,M0057
E00309,2020-06-19,,BU030,Sales,4,Remote,1,1.0,M0156
E00310,2022-08-04,,BU025,Support,5,CA,1,1.0,M0099
E00311,2020-12-14,2024-04-30,BU029,Engineering,5,CA,1,0.5,M0206
E00312,2023-06-03,2025-08-04,BU008,Marketing,1,CA,1,1.0,M0193
E00313,2019-07-04,,BU014,Clinical,6,NY,1,1.0,M0134
E00314,2019-04-03,,BU021,Clinical,1,CA,1,1.0,M0130
E00315,2018-05-18,,BU029,Support,5,Remote,1,1.0,M0045
E00316,2021-06-25,,BU022,HR,6,FL,1,0.8,M0079
E00317,2019-07-31,,BU028,Sales,3,IL,1,1.0,M0173
E00318,2020-03-22,,BU012,Finance,3,FL,1,1.0,M0193
E00319,2024-10-15,,BU019,Marketing,2,TX,1,1.0,M0086
E00320,2024-01-15,,BU005,Support,5,Remote,0,1.0,M0049
E00321,2024-03-25,,BU008,Clinical,2,Remote,1,0.8,M0077
E00322,2022-05-26,,BU019,HR,6,TX,0,1.0,M0178
E00323,2018-11-01,,BU008,Sales,3,WA,1,1.0,M0111
E00324,2023-07-16,,BU007,Support,6,CA,1,1.0,M0189
E00325,2022-06-24,,BU004,Finance,7,WA,1,1.0,M0041
E00326,2024-09-26,,BU012,Support,5,TX,0,1.0,M0026
E00327,2021-07-21,,BU009,Sales,1,CA,0,1.0,M0155
E00328,2019-04-14,,BU017,Finance,6,Remote,1,0.6,M0143
E00329,2022-05-30,,BU018,Support,6,WA,1,1.0,M0145
E00330,2021-05-20,,BU029,Marketing,5,IL,0,0.8,M0149
E00331,2022-11-21,2025-03-15,BU019,Ops,7,CA,0,1.0,M0168
E00332,2020-10-14,,BU005,Finance,7,IL,0,1.0,M0243
E00333,2020-04-10,,BU013,HR,4,FL,0,1.0,M0079
E00334,2018-12-05,,BU003,Clinical,7,CA,0,1.0,M0075
E00335,2025-02-16,,BU017,Support,4,Remote,0,1.0,M0064
E00336,2023-08-07,,BU017,Clinical,1,CA,0,0.75,M0115
E00337,2021-06-15,,BU026,Clinical,4,WA,0,1.0,M0124
E00338,2019-09-27,2024-11-26,BU029,HR,2,Remote,0,1.0,M0234
E00339,2022-08-28,,BU029,Ops,6,TX,0,0.75,M0043
E00340,2021-01-21,2024-02-27,BU002,Engineering,3,Remote,1,1.0,M0033
E00341,2022-09-17,,BU002,Ops,6,WA,1,1.0,M0204
E00342,2018-09-02,,BU020,Engineering,2,WA,1,1.0,M0225
E00343,2019-05-13,,BU029,Engineering,6,FL,1,1.0,M0010
E00344,2023-06-14,,BU001,Engineering,2,Remote,1,1.0,M0092
E00345,2018-06-17,,BU025,Support,2,Remote,0,1.0,M0141
E00346,2023-01-09,,BU017,Ops,7,WA,0,1.0,M0086
E00347,2021-01-19,,BU017,Finance,6,NY,0,1.0,M0039
E00348,2018-01-09,,BU004,Marketing,1,TX,1,0.8,M0249
E00349,2023-08-31,,BU015,HR,4,FL,1,0.75,M0032
E00350,2023-03-11,2024-11-22,BU020,Marketing,2,WA,1,1.0,M0098
E00351,2024-01-17,,BU022,Ops,7,Remote,1,0.6,M0158
E00352,2024-08-21,,BU011,Ops,6,Remote,1,1.0,M0062
E00353,2023-05-31,,BU021,Sales,6,CA,1,1.0,M0184
E00354,2024-03-27,,BU020,Marketing,2,WA,0,1.0,M0052
E00355,2018-11-03,,BU022,Clinical,6,TX,1,0.75,M0240
E00356,2024-10-23,2025-09-17,BU008,Engineering,2,Remote,1,1.0,M0174
E00357,2024-10-09,,BU028,Ops,5,NY,0,1.0,M0243
E00358,2023-02-23,,BU003,Sales,7,IL,0,1.0,M0159
E00359,2023-12-12,,BU001,Support,6,Remote,0,1.0,M0070
E00360,2023-07-01,,BU006,Support,6,TX,1,1.0,M0060
E00361,2024-07-04,,BU003,Ops,2,Remote,1,0.5,M0150
E00362,2024-08-05,,BU009,Finance,4,WA,1,1.0,M0124
E00363,2021-11-18,2025-10-25,BU016,Engineering,5,CA,0,1.0,M0232
E00364,2024-01-20,,BU005,Clinical,1,CA,0,1.0,M0072
E00365,2024-10-15,,BU010,Ops,5,FL,0,1.0,M0068
E00366,2020-03-15,,BU006,Support,2,TX,0,1.0,M0210
E00367,2018-05-07,,BU027,Engineering,7,Remote,0,1.0,M0195
E00368,2019-04-06,2025-08-22,BU017,Engineering,7,NY,1,1.0,M0090
E00369,2018-03-24,,BU019,HR,4,FL,0,1.0,M0130
E00370,2021-03-22,,BU014,Ops,6,TX,1,1.0,M0154
E00371,2018-02-24,,BU017,Marketing,7,IL,0,0.5,M0212
E00372,2019-12-03,,BU025,Support,1,FL,1,0.8,M0229
E00373,2019-11-16,2025-09-28,BU030,Support,2,TX,1,1.0,M0119
E00374,2023-03-29,,BU015,Clinical,5,NY,0,1.0,M0060
E00375,2019-11-05,2024-06-19,BU015,Finance,2,Remote,1,1.0,M0021
E00376,2025-01-16,,BU017,Marketing,3,Remote,0,0.8,M0239
E00377,2019-05-23,2023-11-17,BU016,Ops,7,TX,1,1.0,M0192
E00378,2025-03-16,,BU022,HR,6,CA,0,1.0,M0122
E00379,2022-03-16,,BU007,Finance,4,Remote,1,0.8,M0204
E00380,2019-10-23,2021-07-01,BU026,Support,3,NY,0,1.0,M0161
E00381,2018-04-16,2019-11-20,BU002,HR,3,Remote,0,1.0,M0132
E00382,2020-04-08,,BU018,Support,1,Remote,0,0.75,M0069
E00383,2022-05-18,,BU030,HR,6,TX,1,1.0,M0045
E00384,2018-10-23,,BU002,HR,1,Remote,0,1.0,M0174
E00385,2019-03-26,2022-02-20,BU027,HR,1,IL,0,1.0,M0034
E00386,2018-11-07,,BU014,Finance,3,Remote,1,0.75,M0181
E00387,2023-01-10,,BU026,Support,3,Remote,0,1.0,M0097
E00388,2018-08-27,,BU001,HR,7,IL,0,1.0,M0149
E00389,2018-02-27,,BU027,Finance,6,Remote,1,0.8,M0007
E00390,2021-05-19,2024-09-15,BU019,Ops,7,TX,1,1.0,M0216
E00391,2020-04-21,,BU021,Engineering,5,TX,1,1.0,M0165
E00392,2022-03-24,,BU002,Sales,5,FL,1,1.0,M0118
E00393,2024-12-16,,BU012,Finance,2,TX,1,0.75,M0131
E00394,2024-05-11,,BU017,HR,6,Remote,1,1.0,M0004
E00395,2021-12-28,,BU007,Finance,4,NY,0,0.75,M0213
E00396,2022-10-07,,BU005,Ops,2,Remote,0,1.0,M0229
E00397,2024-01-07,2025-02-17,BU020,Finance,6,Remote,1,1.0,M0242
E00398,2021-03-30,,BU026,Support,3,IL,1,1.0,M0142
E00399,2022-11-17,2024-04-06,BU006,Engineering,7,Remote,1,1.0,M0225
E00400,2022-07-12,2024-08-07,BU003,Finance,7,Remote,0,1.0,M0154
E00401,2019-10-04,,BU008,Support,6,Remote,1,1.0,M0250
E00402,2019-06-02,,BU020,Engineering,7,CA,0,1.0,M0150
E00403,2023-08-24,,BU015,Engineering,3,CA,0,1.0,M0086
E00404,2022-04-05,,BU022,HR,4,FL,1,0.8,M0011
E00405,2020-10-17,2024-03-28,BU029,Clinical,2,TX,0,1.0,M0029
E00406,2018-04-18,2020-07-20,BU009,HR,6,Remote,1,1.0,M0072
E00407,2019-10-04,,BU021,Sales,3,TX,1,1.0,M0178
E00408,2023-12-11,,BU018,Support,7,Remote,1,1.0,M0023
E00409,2021-06-21,,BU026,Engineering,2,WA,0,0.8,M0039
E00410,2025-02-12,,BU010,Finance,7,FL,0,1.0,M0163
E00411,2024-09-04,,BU004,Clinical,2,Remote,0,1.0,M0181
E00412,2024-05-01,,BU008,Engineering,3,Remote,0,1.0,M0214
E00413,2018-02-13,,BU001,Support,7,TX,1,0.5,M0171
E00414,2018-05-18,2020-07-14,BU008,Finance,5,NY,1,0.75,M0166
E00415,2022-04-17,,BU026,Marketing,4,NY,0,1.0,M0096
E00416,2020-07-06,,BU001,Engineering,3,TX,0,0.5,M0204
E00417,2024-03-29,,BU006,Finance,2,NY,1,0.6,M0161
E00418,2020-05-11,,BU021,Marketing,4,Remote,1,0.6,M0084
E00419,2019-02-19,,BU008,Marketing,2,Remote,0,1.0,M0045
E00420,2018-11-02,,BU003,HR,4,WA,1,1.0,M0008
E00421,2020-03-27,,BU016,Sales,4,FL,0,1.0,M0237
E00422,2022-08-24,,BU006,Engineering,2,Remote,0,1.0,M0103
E00423,2018-12-08,,BU021,Ops,3,TX,0,1.0,M0230
E00424,2023-11-30,,BU003,Clinical,1,Remote,1,1.0,M0043
E00425,2020-03-30,2021-06-05,BU002,Clinical,7,Remote,1,1.0,M0035
E00426,2020-04-29,2023-04-11,BU025,Ops,6,Remote,1,1.0,M0077
E00427,2022-11-30,,BU019,HR,7,CA,0,1.0,M0051
E00428,2024-05-25,,BU016,Marketing,5,Remote,1,0.5,M0060
E00429,2021-03-25,2023-12-10,BU018,Sales,7,Remote,1,1.0,M0019
E00430,2023-11-29,,BU015,Finance,6,WA,1,0.8,M0046
E00431,2020-04-05,,BU017,Clinical,2,FL,1,0.8,M0034
E00432,2018-12-16,,BU018,Sales,2,CA,0,1.0,M0172
E00433,2024-02-22,,BU004,HR,5,IL,0,1.0,M0215
E00434,2023-09-08,,BU025,Support,2,Remote,1,0.75,M0150
E00435,2023-07-26,2025-08-24,BU020,Finance,6,Remote,0,1.0,M0135
E00436,2024-07-18,,BU019,Support,5,Remote,1,1.0,M0206
E00437,2021-09-11,,BU030,Ops,7,WA,1,0.6,M0223
E00438,2019-06-19,,BU016,Clinical,7,CA,1,1.0,M0247
E00439,2022-04-03,,BU027,HR,6,Remote,1,1.0,M0229
E00440,2020-11-11,,BU010,Marketing,4,CA,1,0.8,M0060
E00441,2022-09-26,,BU003,Finance,5,WA,1,1.0,M0118
E00442,2019-12-14,,BU016,Ops,2,WA,0,1.0,M0235
E00443,2022-07-09,,BU026,Support,7,Remote,1,1.0,M0240
E00444,2023-11-20,2025-07-31,BU030,Engineering,5,NY,0,1.0,M0192
E00445,2018-09-18,,BU020,Ops,5,Remote,1,0.5,M0197
E00446,2021-05-13,,BU018,Clinical,7,FL,0,0.8,M0141
E00447,2022-11-26,,BU027,Engineering,4,Remote,0,1.0,M0242
E00448,2018-05-19,,BU015,Marketing,7,Remote,1,1.0,M0244
E00449,2022-09-08,,BU026,Clinical,6,Remote,1,0.75,M0183
E00450,2024-10-07,2025-10-26,BU027,Clinical,7,WA,1,1.0,M0129
E00451,2024-02-10,,BU025,Sales,1,TX,1,1.0,M0005
E00452,2023-01-31,,BU002,Engineering,3,FL,1,1.0,M0008
E00453,2023-12-16,,BU008,Sales,5,IL,0,0.5,M0023
E00454,2020-09-06,,BU002,Finance,2,Remote,0,0.5,M0032
E00455,2020-06-04,2024-09-11,BU014,Finance,3,Remote,1,1.0,M0073
E00456,2018-08-15,,BU024,Engineering,7,WA,1,0.5,M0079
E00457,2023-05-10,,BU028,Sales,7,CA,0,0.6,M0069
E00458,2020-05-01,,BU029,Engineering,6,Remote,1,1.0,M0175
E00459,2024-06-06,,BU002,HR,2,FL,0,1.0,M0060
E00460,2021-06-15,,BU002,Marketing,6,WA,1,0.6,M0142
E00461,2024-08-15,,BU017,Marketing,1,CA,0,1.0,M0196
E00462,2019-01-10,,BU001,Support,3,CA,1,1.0,M0171
E00463,2019-03-14,,BU025,Sales,1,WA,1,1.0,M0015
E00464,2020-07-28,,BU001,Clinical,3,WA,1,1.0,M0005
E00465,2018-03-14,,BU016,Marketing,6,CA,1,1.0,M0135
E00466,2021-08-24,,BU018,Marketing,2,CA,1,1.0,M0062
E00467,2022-10-29,,BU013,Support,4,CA,0,1.0,M0002
E00468,2022-11-27,,BU005,Ops,7,TX,0,0.8,M0139
E00469,2019-08-05,,BU025,Sales,2,CA,1,0.8,M0045
E00470,2019-03-21,,BU017,Support,7,CA,0,1.0,M0164
E00471,2022-03-07,,BU023,HR,5,TX,0,0.8,M0145
E00472,2022-09-11,,BU020,Finance,3,Remote,0,1.0,M0108
E00473,2025-01-02,,BU016,Finance,5,Remote,1,1.0,M0118
E00474,2024-08-22,,BU001,Support,7,TX,1,1.0,M0055
E00475,2020-10-24,,BU014,Clinical,3,CA,0,1.0,M0032
E00476,2019-03-14,,BU027,HR,3,WA,1,1.0,M0078
E00477,2019-11-16,,BU007,Support,1,FL,1,0.8,M0059
E00478,2024-07-15,,BU008,Finance,4,TX,1,0.8,M0191
E00479,2021-05-21,2024-05-08,BU027,Engineering,3,IL,1,1.0,M0202
E00480,2025-05-12,,BU017,Support,4,Remote,1,0.8,M0180
E00481,2022-11-15,,BU019,HR,5,FL,1,1.0,M0091
E00482,2022-05-31,2024-12-10,BU011,Ops,2,Remote,1,1.0,M0062
E00483,2018-10-01,,BU009,Clinical,3,CA,1,1.0,M0244
E00484,2022-05-19,,BU011,HR,2,WA,1,1.0,M0238
E00485,2020-10-27,,BU030,HR,1,CA,1,1.0,M0206
E00486,2024-04-03,,BU013,Finance,2,NY,1,1.0,M0011
E00487,2018-12-29,,BU017,Marketing,5,IL,1,0.8,M0140
E00488,2019-06-04,2022-11-16,BU001,Support,2,WA,1,0.8,M0059
E00489,2022-11-29,,BU026,Clinical,3,CA,1,1.0,M0027
E00490,2024-02-28,,BU013,HR,4,NY,0,1.0,M0110
E00491,2021-11-21,,BU023,Marketing,1,CA,0,0.8,M0233
E00492,2020-10-17,,BU008,Support,1,CA,1,0.8,M0202
E00493,2020-04-08,,BU020,Ops,1,TX,1,0.8,M0075
E00494,2020-10-03,,BU011,Sales,6,Remote,1,0.75,M0142
E00495,2022-12-01,,BU010,Ops,3,TX,1,1.0,M0239
E00496,2022-01-01,,BU005,HR,2,Remote,1,1.0,M0169
E00497,2020-03-12,,BU022,Clinical,2,TX,1,1.0,M0098
E00498,2019-08-06,2023-10-15,BU011,Engineering,4,TX,1,0.6,M0238
E00499,2023-04-09,2025-05-15,BU004,Sales,1,CA,1,0.75,M0121
E00500,2019-07-20,,BU021,Clinical,5,CA,1,0.75,M0092
E00501,2020-06-12,,BU021,Engineering,5,Remote,1,0.8,M0162
E00502,2024-04-30,2025-11-28,BU030,Marketing,1,TX,1,0.75,M0046
E00503,2021-05-23,2023-03-01,BU027,HR,7,WA,0,1.0,M0017
E00504,2022-05-30,,BU006,Marketing,3,Remote,1,1.0,M0103
E00505,2018-08-09,2022-06-18,BU002,Clinical,6,Remote,1,0.75,M0023
E00506,2020-07-21,,BU027,HR,4,WA,1,1.0,M0141
E00507,2023-08-01,,BU030,HR,7,TX,1,1.0,M0190
E00508,2023-09-24,,BU019,Clinical,4,IL,1,1.0,M0034
E00509,2022-04-18,,BU019,Clinical,3,CA,1,1.0,M0030
E00510,2024-06-30,,BU004,Clinical,7,TX,1,1.0,M0010
E00511,2020-03-22,,BU017,Finance,7,WA,0,1.0,M0014
E00512,2019-03-22,,BU001,Finance,6,Remote,1,1.0,M0182
E00513,2018-07-29,,BU024,Engineering,5,CA,1,1.0,M0150
E00514,2019-06-25,,BU027,Support,1,Remote,1,1.0,M0248
E00515,2024-09-14,,BU001,HR,6,WA,1,1.0,M0040
E00516,2018-12-21,,BU008,Marketing,6,TX,0,1.0,M0233
E00517,2021-09-20,,BU030,Sales,5,CA,1,1.0,M0195
E00518,2018-12-27,,BU004,Finance,4,Remote,1,1.0,M0095
E00519,2024-04-06,,BU024,HR,5,Remote,1,0.8,M0158
E00520,2018-12-20,,BU020,Marketing,5,CA,1,0.8,M0114
E00521,2022-10-01,,BU020,Sales,1,NY,1,0.8,M0007
E00522,2018-08-09,,BU022,Sales,2,TX,1,1.0,M0208
E00523,2023-06-23,,BU009,Clinical,2,IL,1,1.0,M0018
E00524,2024-09-20,,BU027,Sales,4,TX,0,1.0,M0247
E00525,2023-06-05,2024-10-27,BU015,Marketing,3,Remote,0,1.0,M0215
E00526,2019-12-31,,BU016,Support,5,CA,1,1.0,M0090
E00527,2024-03-29,,BU023,Marketing,5,Remote,0,1.0,M0235
E00528,2020-04-09,,BU010,HR,6,WA,1,1.0,M0238
E00529,2023-08-04,,BU002,Clinical,2,FL,0,0.75,M0029
E00530,2024-03-05,2025-06-10,BU010,Engineering,6,TX,1,1.0,M0175
E00531,2021-08-07,2025-04-13,BU020,Finance,2,NY,1,0.5,M0060
E00532,2022-08-06,,BU007,Finance,2,NY,1,1.0,M0037
E00533,2024-05-04,2025-11-26,BU024,Ops,7,FL,0,1.0,M0055
E00534,2019-05-22,,BU020,Sales,6,CA,1,0.75,M0113
E00535,2018-02-23,,BU021,Ops,1,CA,1,1.0,M0134
E00536,2021-03-23,,BU029,Support,4,Remote,1,1.0,M0001
E00537,2019-05-07,2020-11-09,BU008,HR,7,WA,0,0.5,M0164
E00538,2024-07-21,,BU003,Clinical,5,TX,0,1.0,M0102
E00539,2024-06-05,,BU011,Clinical,4,WA,1,1.0,M0190
E00540,2020-10-13,,BU012,Sales,6,FL,1,1.0,M0131
E00541,2020-04-16,2025-03-27,BU001,HR,5,Remote,1,1.0,M0127
E00542,2023-04-10,,BU011,HR,3,TX,1,1.0,M0200
E00543,2021-05-12,,BU030,Ops,7,TX,1,0.8,M0015
E00544,2018-09-20,,BU003,Support,7,TX,1,1.0,M0083
E00545,2022-11-30,,BU028,HR,7,CA,1,1.0,M0172
E00546,2023-05-24,,BU018,Marketing,7,CA,0,0.5,M0163
E00547,2018-07-09,,BU029,Support,2,CA,0,0.75,M0063
E00548,2023-10-04,2025-08-13,BU030,Support,6,TX,0,1.0,M0166
E00549,2021-12-16,,BU018,Clinical,3,Remote,0,0.75,M0095
E00550,2024-02-15,,BU009,Engineering,3,CA,0,0.8,M0132
E00551,2024-04-20,,BU024,Finance,5,IL,1,1.0,M0218
E00552,2022-12-31,,BU022,HR,4,CA,1,1.0,M0154
E00553,2020-06-21,,BU017,Clinical,7,CA,1,1.0,M0170
E00554,2020-09-30,,BU028,Finance,2,Remote,1,1.0,M0115
E00555,2023-05-16,,BU028,Support,5,CA,0,1.0,M0151
E00556,2018-06-23,,BU009,Sales,6,CA,1,1.0,M0153
E00557,2019-09-18,,BU005,HR,4,Remote,1,1.0,M0032
E00558,2024-12-28,,BU028,Finance,7,WA,1,0.5,M0116
E00559,2023-08-14,,BU001,HR,6,CA,0,1.0,M0069
E00560,2024-01-18,,BU023,Sales,2,Remote,1,0.75,M0228
E00561,2019-06-01,,BU022,Engineering,2,CA,1,0.75,M0075
E00562,2020-01-30,,BU020,Sales,6,Remote,1,1.0,M0029
E00563,2019-12-22,,BU015,Support,3,WA,0,1.0,M0226
E00564,2023-07-23,,BU006,Finance,5,IL,1,1.0,M0216
E00565,2021-12-22,,BU017,Support,6,WA,1,0.8,M0213
E00566,2019-07-26,,BU009,Ops,1,TX,0,1.0,M0187
E00567,2023-07-20,,BU026,Support,5,Remote,0,1.0,M0116
E00568,2022-09-25,,BU004,Finance,7,Remote,1,1.0,M0003
E00569,2024-08-24,,BU012,Support,6,CA,0,1.0,M0095
E00570,2022-02-21,,BU027,Clinical,4,Remote,1,0.6,M0180
E00571,2018-12-07,,BU020,Support,4,CA,0,0.5,M0080
E00572,2024-08-03,2025-09-28,BU025,Clinical,2,WA,1,1.0,M0091
E00573,2019-05-15,,BU005,Ops,4,CA,0,1.0,M0233
E00574,2018-05-29,,BU003,Marketing,1,FL,0,1.0,M0127
E00575,2023-12-06,2025-09-20,BU015,Finance,2,Remote,1,1.0,M0067
E00576,2021-05-05,,BU016,Marketing,6,Remote,0,0.75,M0130
E00577,2022-10-12,2025-08-25,BU025,Engineering,3,Remote,1,1.0,M0222
E00578,2018-12-18,,BU007,Clinical,3,TX,1,0.8,M0184
E00579,2023-05-07,,BU017,Sales,5,CA,0,1.0,M0134
E00580,2021-01-02,,BU023,Marketing,4,CA,0,0.75,M0122
E00581,2025-05-23,,BU014,Support,4,NY,1,1.0,M0195
E00582,2022-09-19,,BU018,Finance,2,Remote,0,1.0,M0159
E00583,2024-12-18,,BU029,Finance,3,NY,1,1.0,M0212
E00584,2023-11-17,,BU029,Support,5,IL,0,1.0,M0055
E00585,2024-04-01,,BU029,Sales,5,Remote,1,1.0,M0150
E00586,2018-08-27,,BU022,HR,3,Remote,0,1.0,M0018
E00587,2023-10-06,,BU018,Sales,5,Remote,0,1.0,M0159
E00588,2022-06-22,,BU004,Engineering,6,IL,0,1.0,M0168
E00589,2020-12-05,,BU011,HR,1,WA,1,0.8,M0042
E00590,2020-04-25,2023-08-10,BU012,Marketing,5,Remote,1,1.0,M0248
E00591,2022-10-03,,BU024,Marketing,6,TX,1,0.5,M0176
E00592,2019-06-20,,BU018,Engineering,6,Remote,0,0.5,M0020
E00593,2019-05-15,,BU008,Support,3,WA,0,1.0,M0238
E00594,2024-06-24,,BU028,Engineering,2,Remote,1,1.0,M0228
E00595,2023-08-19,,BU003,Finance,4,CA,1,1.0,M0006
E00596,2022-05-20,,BU012,Support,1,Remote,1,1.0,M0097
E00597,2023-08-14,2025-11-06,BU018,HR,3,Remote,1,1.0,M0165
E00598,2020-05-23,2025-07-06,BU006,HR,7,CA,0,1.0,M0164
E00599,2023-05-08,,BU004,Sales,6,Remote,1,1.0,M0126
E00600,2019-07-12,,BU009,Support,7,FL,0,1.0,M0067
E00601,2021-04-19,2024-07-07,BU007,Support,1,IL,0,0.8,M0236
E00602,2019-02-03,,BU008,Ops,5,WA,1,1.0,M0173
E00603,2020-10-21,,BU010,Support,1,TX,0,0.75,M0053
E00604,2020-07-10,,BU005,Sales,7,WA,1,1.0,M0109
E00605,2021-02-10,,BU015,Marketing,4,NY,1,1.0,M0007
E00606,2021-07-14,,BU011,Sales,5,FL,1,0.5,M0199
E00607,2018-04-01,2022-05-08,BU013,Sales,2,Remote,1,1.0,M0003
E00608,2020-07-15,,BU008,HR,5,Remote,1,1.0,M0070
E00609,2024-04-05,,BU022,Marketing,6,TX,0,1.0,M0057
E00610,2021-03-19,,BU016,Marketing,3,TX,0,0.8,M0084
E00611,2022-01-08,,BU017,Clinical,6,Remote,1,1.0,M0115
E00612,2018-10-06,2023-03-01,BU027,Ops,3,Remote,0,0.8,M0157
E00613,2020-11-15,,BU023,Engineering,2,WA,0,1.0,M0038
E00614,2025-03-11,,BU029,HR,4,TX,1,1.0,M0027
E00615,2022-01-24,,BU002,Clinical,5,WA,1,1.0,M0008
E00616,2018-02-24,,BU005,Engineering,2,Remote,1,1.0,M0244
E00617,2023-05-09,,BU025,Marketing,4,CA,0,1.0,M0034
E00618,2023-09-16,2025-05-07,BU018,Clinical,3,Remote,1,0.75,M0152
E00619,2020-10-29,,BU030,HR,7,Remote,1,1.0,M0221
E00620,2018-03-28,,BU021,Support,4,TX,1,1.0,M0244
E00621,2024-02-28,,BU026,Sales,1,FL,1,1.0,M0106
E00622,2019-11-15,,BU005,Finance,1,TX,0,1.0,M0045
E00623,2024-10-25,,BU003,Sales,4,FL,1,1.0,M0166
E00624,2020-09-10,,BU016,Sales,3,TX,1,1.0,M0178
E00625,2020-11-15,,BU017,Finance,1,Remote,0,1.0,M0138
E00626,2023-11-19,2024-12-11,BU007,Support,2,NY,1,1.0,M0051
E00627,2019-01-09,,BU027,Finance,3,Remote,1,0.6,M0220
E00628,2018-03-22,,BU011,Ops,5,IL,1,1.0,M0021
E00629,2023-08-22,,BU013,Support,2,TX,1,0.75,M0125
E00630,2024-11-12,,BU010,Ops,6,Remote,1,1.0,M0111
E00631,2025-05-12,,BU016,Engineering,5,CA,1,1.0,M0137
E00632,2018-12-15,,BU025,Sales,5,Remote,1,0.8,M0118
E00633,2019-02-05,,BU014,Marketing,5,Remote,0,0.6,M0115
E00634,2020-07-06,,BU008,Finance,5,Remote,0,1.0,M0140
E00635,2023-04-14,2025-07-18,BU021,Finance,1,IL,1,0.6,M0072
E00636,2024-10-06,,BU017,Marketing,5,FL,1,1.0,M0117
E00637,2024-02-13,,BU006,Finance,2,Remote,1,1.0,M0162
E00638,2020-10-11,,BU018,Clinical,2,TX,0,1.0,M0049
E00639,2024-10-28,2025-04-23,BU007,Finance,6,Remote,1,0.75,M0201
E00640,2019-11-26,,BU010,Engineering,3,Remote,1,1.0,M0171
E00641,2018-12-01,,BU005,Finance,6,Remote,1,0.75,M0163
E00642,2021-03-23,,BU028,Engineering,6,NY,1,1.0,M0067
E00643,2018-09-06,,BU022,Finance,2,FL,1,0.6,M0240
E00644,2023-01-12,,BU010,Clinical,7,CA,0,1.0,M0073
E00645,2025-04-29,,BU018,Finance,4,CA,0,1.0,M0201
E00646,2018-10-18,,BU010,Clinical,2,CA,0,1.0,M0196
E00647,2018-11-13,,BU029,Clinical,2,Remote,1,1.0,M0248
E00648,2019-04-29,,BU021,HR,1,TX,1,0.75,M0171
E00649,2019-04-24,,BU002,Sales,2,Remote,1,1.0,M0229
E00650,2021-12-19,,BU015,Ops,7,CA,1,1.0,M0182
E00651,2022-04-06,,BU013,Engineering,2,CA,1,1.0,M0122
E00652,2025-01-18,,BU022,Sales,7,Remote,0,1.0,M0231
E00653,2021-04-23,,BU030,HR,5,TX,0,1.0,M0149
E00654,2024-11-14,,BU005,Support,5,WA,1,0.75,M0214
E00655,2023-07-26,2025-09-26,BU005,Finance,7,Remote,0,1.0,M0013
E00656,2024-05-03,,BU005,Clinical,6,WA,0,1.0,M0055
E00657,2019-06-01,,BU029,Sales,4,Remote,1,0.8,M0104
E00658,2021-05-15,,BU023,Support,5,WA,1,0.75,M0245
E00659,2024-10-12,,BU015,Engineering,7,Remote,0,1.0,M0123
E00660,2023-07-28,,BU012,Ops,7,NY,0,1.0,M0131
E00661,2019-08-12,2025-05-21,BU018,Finance,3,Remote,1,1.0,M0060
E00662,2024-04-09,,BU026,Marketing,2,WA,1,1.0,M0140
E00663,2023-09-14,,BU002,Finance,1,Remote,0,1.0,M0247
E00664,2019-02-01,,BU008,Finance,4,WA,1,1.0,M0070
E00665,2018-07-03,,BU020,Ops,5,NY,1,1.0,M0220
E00666,2019-12-02,,BU008,Marketing,5,FL,1,1.0,M0097
E00667,2021-07-05,2022-12-30,BU030,Sales,7,IL,0,1.0,M0144
E00668,2019-02-20,,BU026,Engineering,2,FL,1,0.5,M0140
E00669,2018-03-30,,BU025,Finance,4,FL,1,1.0,M0219
E00670,2018-10-26,2023-06-28,BU011,Engineering,6,WA,0,0.75,M0009
E00671,2020-04-29,,BU003,Ops,1,CA,1,1.0,M0006
E00672,2020-11-21,,BU004,Support,2,Remote,0,0.8,M0181
E00673,2020-04-25,,BU017,Sales,6,IL,0,1.0,M0101
E00674,2021-04-26,,BU007,Clinical,5,IL,0,1.0,M0088
E00675,2023-05-04,,BU023,HR,2,NY,1,1.0,M0226
E00676,2019-11-03,,BU024,Clinical,6,Remote,1,1.0,M0173
E00677,2021-05-17,2025-04-03,BU007,Ops,7,WA,0,1.0,M0006
E00678,2023-05-28,,BU008,Sales,3,Remote,0,1.0,M0184
E00679,2018-06-03,,BU028,Marketing,3,CA,1,1.0,M0141
E00680,2024-12-20,,BU017,Engineering,7,FL,1,1.0,M0155
E00681,2025-05-19,,BU003,Support,2,Remote,0,0.75,M0036
E00682,2024-08-03,,BU026,HR,5,CA,1,0.6,M0019
E00683,2019-11-16,,BU025,Support,3,Remote,1,1.0,M0111
E00684,2024-10-17,,BU019,Ops,6,WA,1,1.0,M0141
E00685,2022-11-23,,BU007,Clinical,5,CA,1,1.0,M0168
E00686,2019-10-30,,BU023,Sales,1,TX,0,1.0,M0089
E00687,2018-06-17,,BU013,Clinical,1,FL,1,1.0,M0036
E00688,2020-12-03,,BU030,Finance,1,WA,1,1.0,M0179
E00689,2023-07-09,2025-06-15,BU026,Clinical,7,Remote,1,1.0,M0208
E00690,2019-09-08,,BU009,HR,5,CA,1,1.0,M0178
E00691,2021-10-25,2025-11-21,BU027,Ops,3,WA,0,1.0,M0047
E00692,2018-12-05,,BU027,Support,7,TX,1,1.0,M0126
E00693,2021-02-24,,BU008,Finance,3,TX,0,1.0,M0246
E00694,2018-03-31,,BU017,Ops,5,WA,0,1.0,M0183
E00695,2025-04-25,,BU022,Finance,4,CA,0,1.0,M0091
E00696,2021-09-25,,BU007,Ops,7,CA,0,1.0,M0036
E00697,2024-03-30,,BU026,Marketing,4,WA,0,1.0,M0109
E00698,2018-11-30,2023-02-25,BU004,Marketing,1,FL,1,1.0,M0205
E00699,2019-03-31,,BU022,Finance,3,TX,1,1.0,M0069
E00700,2019-04-23,,BU010,HR,7,Remote,1,1.0,M0243
E00701,2022-03-21,,BU029,Clinical,3,NY,1,1.0,M0141
E00702,2024-05-19,2025-11-05,BU005,Engineering,7,TX,1,1.0,M0226
E00703,2022-07-03,,BU011,Support,1,CA,1,1.0,M0052
E00704,2021-08-04,,BU024,Sales,5,WA,1,0.5,M0203
E00705,2024-12-25,,BU012,Finance,2,Remote,0,0.5,M0059
E00706,2019-05-13,,BU017,Sales,4,NY,1,1.0,M0102
E00707,2019-03-23,,BU009,Marketing,4,WA,1,1.0,M0048
E00708,2022-12-19,,BU002,Finance,5,CA,1,1.0,M0234
E00709,2024-05-02,,BU001,Clinical,6,Remote,1,1.0,M0140
E00710,2019-12-21,2020-11-18,BU027,Support,2,Remote,0,1.0,M0141
E00711,2019-12-08,,BU025,Engineering,5,FL,1,1.0,M0026
E00712,2023-10-09,2025-11-27,BU018,Ops,5,Remote,0,0.6,M0054
E00713,2020-02-06,,BU021,Marketing,1,WA,1,0.5,M0110
E00714,2024-02-10,,BU014,Support,5,Remote,1,1.0,M0136
E00715,2021-10-29,,BU016,HR,7,CA,1,1.0,M0027
E00716,2023-03-25,,BU005,Marketing,4,FL,0,1.0,M0213
E00717,2022-08-30,,BU003,Marketing,2,TX,1,0.75,M0126
E00718,2021-07-25,,BU015,Engineering,2,FL,0,1.0,M0170
E00719,2021-12-23,,BU030,Finance,6,WA,1,0.8,M0006
E00720,2025-05-18,,BU028,HR,1,TX,1,1.0,M0209
E00721,2020-12-07,,BU017,HR,2,FL,1,1.0,M0038
E00722,2025-01-02,,BU018,Sales,2,Remote,1,0.75,M0009
E00723,2023-11-12,2025-03-28,BU025,Ops,2,TX,1,1.0,M0138
E00724,2019-05-09,,BU014,Sales,6,CA,0,1.0,M0243
E00725,2024-06-23,,BU012,Marketing,1,CA,1,1.0,M0249
E00726,2020-11-03,2025-11-29,BU019,HR,2,FL,1,0.5,M0231
E00727,2019-05-01,,BU016,Sales,7,Remote,0,1.0,M0109
E00728,2019-11-16,,BU017,Support,1,CA,1,1.0,M0126
E00729,2019-01-05,,BU002,Engineering,3,TX,1,1.0,M0104
E00730,2020-07-08,,BU019,Ops,2,CA,0,0.8,M0231
E00731,2022-01-13,2025-11-05,BU012,HR,6,Remote,0,0.75,M0235
E00732,2025-04-06,,BU006,Support,4,CA,0,1.0,M0046
E00733,2025-02-24,,BU024,HR,2,CA,1,0.8,M0134
E00734,2024-12-24,,BU005,Clinical,5,Remote,0,0.6,M0092
E00735,2019-10-22,,BU006,Engineering,7,Remote,1,0.6,M0190
E00736,2019-09-17,,BU001,Ops,7,Remote,1,1.0,M0043
E00737,2023-01-11,,BU022,Sales,7,CA,0,1.0,M0109
E00738,2025-03-11,,BU025,Ops,6,TX,1,1.0,M0168
E00739,2024-02-15,2025-06-21,BU012,Support,7,NY,1,1.0,M0229
E00740,2019-07-17,,BU001,Clinical,7,Remote,1,0.5,M0230
E00741,2023-06-18,,BU014,Sales,5,Remote,1,1.0,M0191
E00742,2021-10-03,2024-08-17,BU008,Clinical,7,CA,1,1.0,M0233
E00743,2021-04-12,,BU007,Sales,3,NY,1,1.0,M0027
E00744,2021-09-08,2024-09-07,BU018,HR,4,Remote,1,1.0,M0020
E00745,2022-01-17,,BU022,Clinical,3,IL,1,1.0,M0103
E00746,2024-10-13,,BU015,Support,1,FL,0,0.8,M0193
E00747,2023-11-16,,BU011,HR,1,Remote,1,1.0,M0031
E00748,2018-04-20,,BU028,Sales,7,Remote,1,1.0,M0140
E00749,2023-08-28,,BU017,Ops,5,Remote,1,1.0,M0227
E00750,2020-05-03,,BU007,Finance,2,IL,0,1.0,M0056
E00751,2020-07-03,,BU025,Engineering,3,WA,1,1.0,M0098
E00752,2022-06-13,,BU004,Ops,5,CA,1,1.0,M0224
E00753,2025-04-19,,BU027,Clinical,1,CA,1,1.0,M0183
E00754,2018-06-29,,BU005,Clinical,2,FL,0,1.0,M0133
E00755,2021-10-23,,BU018,Sales,1,Remote,0,1.0,M0019
E00756,2019-10-03,2020-08-08,BU015,Ops,6,Remote,1,1.0,M0011
E00757,2024-10-10,,BU029,Sales,3,Remote,1,0.8,M0124
E00758,2021-06-13,2025-04-28,BU009,Sales,2,WA,1,1.0,M0094
E00759,2024-05-04,,BU004,Sales,2,TX,1,1.0,M0016
E00760,2024-07-13,,BU014,Support,3,CA,1,1.0,M0171
E00761,2018-09-28,,BU010,Sales,5,IL,0,0.75,M0248
E00762,2023-08-23,,BU021,Engineering,2,Remote,0,0.5,M0213
E00763,2023-11-11,,BU002,Support,2,Remote,0,1.0,M0087
E00764,2024-02-23,,BU010,Clinical,7,TX,0,1.0,M0050
E00765,2025-04-28,,BU027,Finance,1,CA,1,0.8,M0088
E00766,2023-08-23,,BU020,Clinical,5,Remote,1,1.0,M0148
E00767,2024-03-07,,BU004,Ops,1,Remote,0,0.5,M0195
E00768,2023-04-01,,BU001,Engineering,5,Remote,0,1.0,M0022
E00769,2020-03-10,,BU016,HR,2,WA,1,1.0,M0143
E00770,2024-04-19,,BU017,Sales,3,TX,1,1.0,M0228
E00771,2023-03-12,,BU006,Sales,4,IL,1,1.0,M0130
E00772,2023-01-20,2025-08-30,BU028,Clinical,2,Remote,0,1.0,M0003
E00773,2025-03-20,,BU001,Marketing,6,WA,1,0.75,M0038
E00774,2023-06-16,,BU029,Ops,7,TX,1,1.0,M0243
E00775,2020-07-06,,BU001,HR,3,CA,1,1.0,M0155
E00776,2020-03-27,,BU018,HR,6,CA,1,0.75,M0142
E00777,2020-06-06,,BU030,Finance,6,WA,1,1.0,M0144
E00778,2019-03-30,,BU030,Finance,6,Remote,1,1.0,M0188
E00779,2018-08-08,,BU029,Clinical,6,FL,1,1.0,M0107
E00780,2023-08-11,,BU008,Ops,7,NY,0,1.0,M0168
E00781,2023-10-23,,BU022,Engineering,2,TX,1,0.5,M0108
E00782,2019-03-26,,BU009,Ops,4,WA,1,0.6,M0127
E00783,2020-12-03,,BU010,Support,7,Remote,0,1.0,M0077
E00784,2024-10-25,,BU014,Clinical,2,NY,0,1.0,M0110
E00785,2024-03-17,2025-05-22,BU013,Marketing,3,CA,0,1.0,M0018
E00786,2022-06-04,,BU016,Clinical,5,FL,0,1.0,M0052
E00787,2025-03-15,,BU004,Clinical,1,Remote,0,1.0,M0006
E00788,2020-06-11,,BU025,HR,3,CA,1,1.0,M0072
E00789,2024-04-04,,BU011,Support,3,Remote,1,1.0,M0061
E00790,2024-12-11,,BU014,Finance,4,CA,1,0.8,M0024
E00791,2022-05-24,,BU024,Sales,4,WA,1,1.0,M0244
E00792,2019-02-25,,BU002,Sales,4,Remote,1,0.8,M0068
E00793,2020-03-07,,BU019,Engineering,6,Remote,1,0.75,M0180
E00794,2021-10-25,,BU021,Engineering,4,CA,0,1.0,M0164
E00795,2020-01-27,,BU026,HR,6,Remote,1,1.0,M0025
E00796,2018-09-05,,BU007,Engineering,7,IL,1,0.8,M0138
E00797,2019-04-07,2024-02-06,BU005,Sales,4,TX,1,1.0,M0155
E00798,2025-02-27,,BU027,Marketing,6,Remote,1,0.75,M0142
E00799,2020-11-01,,BU016,Ops,4,FL,1,1.0,M0167
E00800,2022-04-08,,BU007,Ops,3,WA,1,1.0,M0133
E00801,2021-04-03,,BU026,HR,1,NY,0,0.75,M0218
E00802,2023-12-17,,BU009,Marketing,6,Remote,1,1.0,M0237
E00803,2018-10-01,2021-11-09,BU009,Sales,1,FL,1,1.0,M0175
E00804,2020-02-03,,BU005,Marketing,7,IL,1,0.75,M0213
E00805,2022-05-02,,BU021,HR,2,Remote,1,1.0,M0098
E00806,2023-12-12,,BU010,HR,6,CA,1,0.8,M0066
E00807,2021-06-03,,BU022,Ops,7,CA,1,0.75,M0223
E00808,2023-03-19,,BU019,Clinical,4,CA,1,1.0,M0140
E00809,2023-12-09,,BU019,Support,6,FL,0,0.6,M0247
E00810,2022-10-10,,BU009,Support,7,TX,0,1.0,M0243
E00811,2024-01-28,,BU012,Sales,6,Remote,0,1.0,M0114
E00812,2025-01-18,,BU002,Clinical,4,Remote,1,1.0,M0067
E00813,2019-08-15,2022-12-20,BU011,Finance,7,CA,1,0.5,M0053
E00814,2021-03-19,,BU018,HR,1,TX,1,1.0,M0176
E00815,2019-09-05,,BU030,Support,1,TX,0,0.8,M0018
E00816,2021-01-29,,BU023,Engineering,2,IL,0,1.0,M0162
E00817,2018-01-07,,BU005,Support,7,Remote,0,1.0,M0075
E00818,2023-02-18,2024-04-25,BU004,Marketing,5,IL,1,1.0,M0168
E00819,2019-10-01,,BU029,Support,2,WA,1,1.0,M0075
E00820,2024-03-11,,BU013,Ops,3,FL,0,1.0,M0140
E00821,2023-05-02,,BU012,Engineering,1,TX,0,1.0,M0246
E00822,2020-06-26,,BU003,Finance,3,IL,1,1.0,M0186
E00823,2021-05-14,,BU002,Sales,5,CA,1,0.75,M0028
E00824,2022-12-19,,BU001,Ops,3,IL,1,1.0,M0094
E00825,2021-02-03,,BU013,Sales,4,NY,0,0.75,M0134
E00826,2019-07-21,,BU012,Support,2,FL,0,1.0,M0235
E00827,2018-04-27,,BU015,Clinical,1,IL,1,0.8,M0134
E00828,2022-02-03,,BU009,Support,1,IL,1,0.8,M0142
E00829,2023-09-14,,BU015,Marketing,5,Remote,0,0.75,M0081
E00830,2018-12-18,,BU027,Ops,1,CA,1,1.0,M0085
E00831,2018-06-26,,BU025,Finance,2,Remote,1,0.75,M0113
E00832,2023-06-17,,BU001,Clinical,5,FL,1,1.0,M0160
E00833,2023-05-25,,BU002,Clinical,6,FL,1,0.75,M0189
E00834,2023-12-03,,BU020,Clinical,3,TX,1,1.0,M0172
E00835,2018-02-11,2022-09-17,BU013,Sales,4,CA,1,0.8,M0058
E00836,2022-11-10,,BU023,Sales,4,Remote,0,1.0,M0230
E00837,2025-02-08,,BU002,Finance,6,Remote,1,0.6,M0171
E00838,2023-08-30,,BU013,Engineering,7,Remote,1,1.0,M0159
E00839,2021-06-23,2024-01-05,BU027,HR,6,NY,0,1.0,M0214
E00840,2021-07-10,,BU016,Clinical,5,Remote,1,1.0,M0131
E00841,2021-01-12,,BU024,Sales,6,Remote,1,1.0,M0210
E00842,2018-05-29,,BU008,HR,6,IL,0,0.8,M0089
E00843,2023-05-05,2025-11-06,BU003,Ops,6,Remote,1,1.0,M0240
E00844,2021-12-28,,BU008,Engineering,6,Remote,1,0.75,M0107
E00845,2021-11-18,2024-10-10,BU022,Clinical,6,CA,0,1.0,M0163
E00846,2024-11-30,,BU002,Marketing,7,CA,1,0.5,M0072
E00847,2023-06-03,2024-07-21,BU007,Sales,3,TX,0,1.0,M0157
E00848,2025-02-10,,BU028,Clinical,1,NY,1,1.0,M0156
E00849,2018-08-18,,BU016,Ops,4,FL,1,0.8,M0030
E00850,2025-01-21,,BU001,Engineering,3,IL,1,0.5,M0216
E00851,2022-03-05,,BU018,Marketing,1,Remote,1,1.0,M0190
E00852,2020-12-25,,BU005,Ops,7,Remote,1,0.75,M0149
E00853,2022-02-20,,BU027,Finance,7,CA,1,1.0,M0178
E00854,2018-04-10,,BU022,Ops,4,TX,0,0.5,M0051
E00855,2024-11-29,,BU027,Engineering,6,Remote,0,1.0,M0178
E00856,2022-09-02,,BU014,Support,7,Remote,1,1.0,M0010
E00857,2018-04-18,2020-08-01,BU003,Finance,4,CA,1,1.0,M0051
E00858,2024-10-10,,BU016,Clinical,2,FL,1,1.0,M0220
E00859,2021-05-11,,BU016,HR,1,CA,1,0.8,M0248
E00860,2018-11-18,,BU009,Support,1,NY,1,1.0,M0074
E00861,2022-09-05,,BU008,Sales,1,Remote,1,0.8,M0190
E00862,2022-01-31,,BU005,Engineering,7,CA,1,1.0,M0173
E00863,2023-08-24,2025-11-19,BU030,HR,5,Remote,1,1.0,M0192
E00864,2023-11-12,,BU024,Engineering,3,NY,1,0.8,M0237
E00865,2022-05-26,,BU006,HR,7,Remote,1,1.0,M0077
E00866,2020-05-27,,BU004,Engineering,4,Remote,1,0.6,M0235
E00867,2019-08-25,,BU027,HR,3,CA,1,1.0,M0135
E00868,2018-01-31,,BU009,Clinical,7,FL,1,1.0,M0139
E00869,2019-06-14,,BU010,Sales,6,Remote,1,0.8,M0118
E00870,2020-02-10,,BU023,HR,2,WA,0,1.0,M0229
E00871,2024-07-07,,BU005,Ops,5,Remote,1,1.0,M0236
E00872,2021-10-22,,BU009,Finance,7,WA,1,1.0,M0101
E00873,2019-06-20,,BU008,Ops,3,CA,1,1.0,M0035
E00874,2023-07-06,,BU029,Finance,3,TX,1,1.0,M0236
E00875,2021-05-15,,BU024,Support,4,WA,1,0.8,M0035
E00876,2024-03-11,,BU006,Clinical,2,Remote,1,1.0,M0170
E00877,2023-07-25,,BU014,Engineering,7,WA,1,1.0,M0096
E00878,2024-12-02,,BU016,Sales,2,TX,1,0.8,M0021
E00879,2023-03-31,,BU006,Support,6,NY,0,0.75,M0243
E00880,2018-10-22,,BU017,Ops,4,FL,0,1.0,M0204
E00881,2022-02-07,,BU030,Sales,5,Remote,1,1.0,M0085
E00882,2021-02-24,,BU016,Ops,4,IL,1,0.8,M0041
E00883,2023-12-26,,BU003,HR,5,Remote,1,0.6,M0152
E00884,2019-02-22,,BU024,Sales,7,CA,1,1.0,M0250
E00885,2021-06-15,,BU015,Sales,4,FL,1,1.0,M0068
E00886,2024-02-14,,BU002,Support,1,CA,1,1.0,M0013
E00887,2022-08-08,,BU009,Engineering,6,Remote,1,1.0,M0039
E00888,2018-04-13,,BU017,Clinical,1,IL,1,1.0,M0190
E00889,2024-01-27,,BU013,Engineering,4,CA,0,1.0,M0232
E00890,2020-09-20,2025-01-24,BU024,Clinical,2,Remote,1,1.0,M0039
E00891,2023-01-11,,BU020,Support,6,NY,1,1.0,M0004
E00892,2022-11-05,,BU002,Finance,5,NY,1,1.0,M0136
E00893,2022-10-05,,BU024,Support,5,CA,0,1.0,M0135
E00894,2021-02-03,,BU017,Ops,6,Remote,0,1.0,M0094
E00895,2021-01-04,,BU018,Marketing,2,NY,1,0.75,M0050
E00896,2018-09-30,,BU014,Finance,4,Remote,0,0.8,M0219
E00897,2022-02-20,,BU012,Sales,2,CA,1,0.6,M0209
E00898,2020-02-27,,BU013,Support,5,FL,0,1.0,M0069
E00899,2020-12-08,,BU013,Clinical,3,TX,1,1.0,M0052
E00900,2019-03-30,,BU017,Engineering,5,NY,1,1.0,M0181
E00901,2023-07-09,,BU007,HR,5,FL,1,0.75,M0104
E00902,2024-11-04,,BU019,Clinical,1,Remote,0,0.75,M0236
E00903,2020-10-27,,BU022,Support,2,Remote,0,1.0,M0218
E00904,2021-02-21,,BU022,HR,2,CA,1,1.0,M0017
E00905,2021-06-17,,BU021,Sales,3,Remote,1,0.75,M0072
E00906,2018-07-15,,BU027,Sales,7,CA,0,0.6,M0179
E00907,2023-08-08,,BU012,Support,4,CA,1,1.0,M0014
E00908,2024-07-13,,BU020,Clinical,3,WA,1,1.0,M0021
E00909,2021-09-25,2023-08-16,BU028,HR,6,WA,0,0.6,M0065
E00910,2018-06-17,,BU030,Finance,7,Remote,1,1.0,M0195
E00911,2020-07-04,,BU015,Sales,3,IL,1,1.0,M0244
E00912,2019-03-03,,BU020,HR,4,TX,0,1.0,M0215
E00913,2024-02-18,,BU022,Support,1,Remote,0,1.0,M0058
E00914,2023-12-07,,BU009,HR,2,Remote,1,1.0,M0035
E00915,2020-10-28,,BU017,Marketing,4,FL,0,1.0,M0045
E00916,2020-10-16,,BU005,Clinical,1,FL,1,1.0,M0222
E00917,2024-04-06,,BU018,Ops,6,Remote,1,1.0,M0175
E00918,2018-08-29,,BU003,HR,2,WA,1,1.0,M0110
E00919,2023-10-28,2025-10-08,BU009,HR,4,Remote,1,1.0,M0136
E00920,2025-02-19,,BU009,Engineering,3,CA,0,1.0,M0078
E00921,2021-04-26,,BU022,Marketing,2,CA,1,0.75,M0181
E00922,2023-08-05,2025-03-30,BU004,HR,4,Remote,1,0.75,M0242
E00923,2023-04-15,,BU019,Sales,5,CA,0,1.0,M0163
E00924,2024-08-24,,BU021,Support,4,TX,1,1.0,M0097
E00925,2018-04-04,,BU009,Engineering,5,NY,0,1.0,M0071
E00926,2023-03-26,,BU021,HR,4,CA,1,1.0,M0053
E00927,2020-11-21,,BU019,Clinical,6,TX,0,1.0,M0191
E00928,2024-05-15,,BU019,Finance,4,TX,1,1.0,M0083
E00929,2024-05-18,,BU003,Marketing,5,CA,0,0.75,M0116
E00930,2020-02-15,,BU012,Marketing,1,IL,1,1.0,M0227
E00931,2022-04-19,,BU010,HR,2,NY,1,1.0,M0239
E00932,2021-08-29,,BU014,Clinical,2,CA,1,1.0,M0247
E00933,2022-02-19,,BU027,Engineering,5,Remote,0,1.0,M0003
E00934,2024-03-02,,BU008,Clinical,7,TX,0,1.0,M0114
E00935,2022-12-06,,BU011,HR,1,CA,1,0.8,M0098
E00936,2023-08-11,,BU028,HR,1,Remote,1,1.0,M0124
E00937,2023-01-10,2025-08-12,BU013,Ops,5,TX,0,1.0,M0129
E00938,2019-11-09,,BU001,Support,6,CA,1,0.8,M0150
E00939,2022-04-30,,BU022,Engineering,7,WA,1,0.75,M0149
E00940,2020-10-23,,BU010,Finance,4,WA,1,1.0,M0210
E00941,2021-02-13,,BU020,Engineering,6,CA,0,1.0,M0161
E00942,2018-10-30,,BU018,Marketing,5,TX,0,1.0,M0003
E00943,2019-05-12,2023-01-28,BU014,Support,1,CA,1,1.0,M0076
E00944,2020-07-19,2025-07-11,BU006,Marketing,3,CA,1,1.0,M0199
E00945,2020-03-03,,BU027,Finance,5,FL,0,1.0,M0192
E00946,2022-09-20,,BU026,Clinical,3,CA,0,1.0,M0244
E00947,2020-03-04,,BU011,Engineering,5,CA,0,1.0,M0137
E00948,2019-11-02,,BU015,Support,4,CA,1,1.0,M0102
E00949,2021-03-12,,BU020,Clinical,5,WA,1,1.0,M0246
E00950,2022-03-19,,BU012,Engineering,7,CA,1,1.0,M0110
E00951,2025-05-29,,BU019,Finance,7,IL,1,0.75,M0040
E00952,2021-10-13,,BU002,Clinical,3,Remote,1,1.0,M0240
E00953,2020-08-12,2023-02-19,BU027,Engineering,4,Remote,1,1.0,M0101
E00954,2020-05-21,2023-10-07,BU009,Ops,1,NY,1,1.0,M0102
E00955,2021-04-26,,BU014,Ops,6,Remote,1,0.75,M0191
E00956,2024-11-14,,BU018,Marketing,1,Remote,1,0.75,M0095
E00957,2019-10-30,,BU008,HR,4,FL,1,1.0,M0221
E00958,2022-04-24,2024-10-04,BU009,Support,7,Remote,1,1.0,M0215
E00959,2023-09-26,,BU015,Ops,7,TX,0,0.6,M0046
E00960,2025-01-10,,BU002,Sales,3,Remote,1,1.0,M0119
E00961,2020-02-01,2024-11-19,BU010,Ops,7,NY,1,0.8,M0020
E00962,2024-08-04,,BU018,Sales,1,Remote,1,1.0,M0162
E00963,2024-05-05,,BU005,Marketing,6,Remote,0,1.0,M0105
E00964,2020-10-18,,BU010,Engineering,5,CA,1,0.6,M0072
E00965,2020-06-26,,BU029,Ops,6,Remote,1,1.0,M0007
E00966,2019-12-24,,BU026,Support,6,CA,0,1.0,M0171
E00967,2020-05-09,,BU006,Marketing,4,TX,1,1.0,M0014
E00968,2024-07-22,,BU021,Sales,5,IL,1,0.75,M0092
E00969,2020-04-21,,BU018,Engineering,6,Remote,0,1.0,M0130
E00970,2021-08-30,,BU022,Marketing,2,CA,1,0.75,M0196
E00971,2024-12-06,2025-11-17,BU007,HR,5,FL,0,0.8,M0082
E00972,2023-01-31,,BU027,HR,3,TX,0,1.0,M0124
E00973,2018-12-20,,BU016,Engineering,3,CA,0,0.8,M0194
E00974,2018-07-18,2024-06-13,BU025,Marketing,2,TX,0,1.0,M0230
E00975,2019-08-29,,BU023,Marketing,4,FL,1,1.0,M0209
E00976,2024-06-04,,BU010,Support,1,CA,1,1.0,M0137
E00977,2019-09-07,,BU001,HR,5,Remote,1,0.5,M0043
E00978,2020-04-27,,BU018,Finance,7,CA,1,1.0,M0215
E00979,2022-01-02,,BU012,Sales,4,WA,1,0.75,M0195
E00980,2021-09-01,,BU008,HR,4,TX,0,1.0,M0111
E00981,2018-07-24,,BU005,Marketing,4,CA,0,1.0,M0179
E00982,2019-06-21,,BU007,Ops,1,Remote,1,1.0,M0168
E00983,2025-05-16,,BU024,Sales,4,Remote,1,1.0,M0037
E00984,2021-02-12,,BU007,Ops,7,Remote,1,1.0,M0067
E00985,2020-01-23,,BU023,Sales,7,CA,0,1.0,M0215
E00986,2024-02-21,,BU004,Clinical,7,Remote,0,1.0,M0147
E00987,2021-06-15,2025-02-27,BU028,HR,2,TX,1,0.8,M0016
E00988,2024-02-20,,BU008,Support,6,WA,1,1.0,M0166
E00989,2021-07-06,,BU025,Engineering,4,FL,0,1.0,M0096
E00990,2024-01-03,,BU007,Marketing,2,CA,1,0.8,M0048
E00991,2023-09-11,,BU007,HR,6,CA,0,1.0,M0039
E00992,2023-01-07,,BU021,HR,2,Remote,1,1.0,M0136
E00993,2021-05-25,2021-11-25,BU003,Ops,4,TX,1,1.0,M0079
E00994,2024-02-10,,BU008,Marketing,4,Remote,1,1.0,M0231
E00995,2020-10-08,,BU019,Support,4,TX,0,1.0,M0076
E00996,2022-11-23,,BU002,HR,5,CA,1,1.0,M0051
E00997,2022-01-18,,BU009,Sales,1,NY,1,1.0,M0018
E00998,2020-03-27,,BU013,Marketing,7,CA,1,1.0,M0123
E00999,2019-06-30,,BU019,Engineering,2,CA,1,0.75,M0057
E01000,2021-12-11,2024-06-28,BU007,Marketing,7,CA,0,1.0,M0210
