business_unit_id,period_start,pred_revenue_next_baseline,delta_avg_vacancy_days,delta_productivity_index,delta_operating_margin_pct,delta_quality_incidents,delta_headcount
BU_01,2022-06-01,9328929.304537352,228471.55535363406,58687.16049195826,-12227.89936511591,101795.52331694216,161642.40930798277
BU_01,2022-07-01,9524015.339638367,228471.55535363406,58687.16049195826,-12227.89936511591,101795.52331694402,161642.4093079809
BU_01,2022-08-01,9927398.149698256,228471.55535363406,58687.16049196012,-12227.899365114048,101795.52331694402,161642.40930798277
BU_01,2022-09-01,9854682.223352522,228471.5553536322,58687.16049195826,-12227.89936511591,101795.52331694216,161642.40930798277
BU_01,2022-10-01,10029806.523513304,228471.55535363406,58687.16049195826,-12227.89936511591,101795.52331694402,161642.40930798277
BU_01,2022-11-01,10431774.894914977,228471.55535363406,58687.16049195826,-12227.89936511591,101795.52331694402,161642.40930798277
BU_01,2022-12-01,10765829.377793003,228471.55535363406,58687.16049195826,-12227.89936511591,101795.52331694588,161642.40930798277
BU_01,2023-01-01,11082965.713369768,228471.5553536322,58687.16049195826,-12227.89936511591,101795.52331694216,161642.40930798277
BU_01,2023-02-01,11298669.98792496,228471.55535363406,58687.16049195826,-12227.89936511591,101795.52331694216,161642.40930798277
BU_01,2023-03-01,11290915.101632468,228471.55535363406,58687.16049195826,-12227.89936511591,101795.52331694216,161642.40930798277
BU_01,2023-04-01,11660312.295039225,228471.55535363406,58687.16049195826,-12227.89936511591,101795.52331694588,161642.40930798277
BU_01,2023-05-01,12322059.403361052,228471.55535363406,58687.16049195826,-12227.899365114048,101795.52331694402,161642.40930798277
BU_01,2023-06-01,12787253.636303728,228471.55535363406,58687.16049196012,-12227.89936511591,101795.52331694402,161642.40930798277
BU_01,2023-07-01,12994572.75285171,228471.55535363406,58687.16049195826,-12227.89936511591,101795.52331694216,161642.40930798277
BU_01,2023-08-01,13119725.50180993,228471.55535363406,58687.16049196012,-12227.89936511591,101795.52331694402,161642.40930798277
BU_01,2023-09-01,13474774.23149379,228471.55535363406,58687.16049196012,-12227.89936511591,101795.52331694402,161642.40930798277
BU_01,2023-10-01,14115647.471876338,228471.55535363406,58687.16049195826,-12227.89936511591,101795.52331694402,161642.40930798277
BU_01,2023-11-01,14152995.070322327,228471.55535363406,58687.16049196012,-12227.89936511591,101795.52331694402,161642.40930798277
BU_01,2023-12-01,14383857.664993647,228471.5553536322,58687.16049195826,-12227.89936511591,101795.52331694402,161642.40930798277
BU_01,2024-01-01,14705900.78143638,228471.5553536322,58687.16049195826,-12227.89936511591,101795.52331694216,161642.40930798277
BU_01,2024-02-01,15095678.683130933,228471.5553536322,58687.16049195826,-12227.89936511591,101795.52331694216,161642.40930798277
BU_01,2024-03-01,14946528.70378877,228471.5553536322,58687.16049195826,-12227.899365114048,101795.52331694402,161642.40930798277
BU_01,2024-04-01,14545812.80885142,228471.55535363406,58687.16049195826,-12227.89936511591,101795.52331694402,161642.40930798277
BU_01,2024-05-01,15960010.410046114,228471.55535363406,58687.16049196012,-12227.899365114048,101795.52331694402,161642.40930798277
BU_01,2024-06-01,15317414.557217402,228471.5553536322,58687.16049196012,-12227.89936511591,101795.52331694402,161642.40930798277
BU_01,2024-07-01,16120788.456831975,228471.5553536322,58687.16049196012,-12227.899365114048,101795.52331694402,161642.40930798277
BU_01,2024-08-01,15933572.934972573,228471.55535363406,58687.16049195826,-12227.899365114048,101795.52331694402,161642.40930798277
BU_01,2024-09-01,16316658.712870238,228471.55535363406,58687.16049195826,-12227.899365114048,101795.52331694402,161642.40930798277
BU_01,2024-10-01,16477613.547371795,228471.5553536322,58687.16049195826,-12227.89936511591,101795.52331694402,161642.40930798277
BU_01,2024-11-01,16462498.570959443,228471.5553536322,58687.16049196012,-12227.89936511591,101795.52331694402,161642.40930798277
BU_01,2024-12-01,16463098.955813035,228471.55535363406,58687.16049196012,-12227.899365112185,101795.52331694402,161642.40930798277
BU_01,2025-01-01,16696996.153004546,228471.55535363406,58687.16049196012,-12227.89936511591,101795.52331694588,161642.40930798277
BU_01,2025-02-01,17022150.65835325,228471.55535363406,58687.160491961986,-12227.89936511591,101795.52331694588,161642.40930798277
BU_01,2025-03-01,17763357.68565662,228471.55535363033,58687.16049195826,-12227.89936511591,101795.52331694216,161642.40930798277
BU_01,2025-04-01,17845729.22806505,228471.55535363406,58687.16049195826,-12227.89936511591,101795.52331694216,161642.40930797905
BU_01,2025-05-01,17664336.3203983,228471.55535363033,58687.16049195826,-12227.899365119636,101795.52331694216,161642.40930797905
BU_01,2025-06-01,17749853.347816996,228471.55535363406,58687.16049195826,-12227.89936511591,101795.52331694216,161642.40930797905
BU_01,2025-07-01,17182480.206685826,228471.55535363406,58687.160491961986,-12227.899365112185,101795.52331694588,161642.4093079865
BU_01,2025-08-01,18451470.298138082,228471.55535363406,58687.16049195826,-12227.89936511591,101795.52331694216,161642.40930797905
BU_01,2025-09-01,17639062.426899947,228471.55535363033,58687.16049195826,-12227.899365119636,101795.52331694216,161642.40930797905
BU_01,2025-10-01,18053722.679412365,228471.55535363406,58687.16049195826,-12227.89936511591,101795.52331694216,161642.4093079865
BU_01,2025-11-01,17813663.841478586,228471.55535363406,58687.16049195826,-12227.89936511591,101795.52331694216,161642.4093079865
BU_02,2022-06-01,9255494.275123183,228471.55535363406,58687.16049196012,-12227.899365114048,101795.52331694402,161642.40930798277
BU_02,2022-07-01,8699924.138840958,228471.55535363406,58687.16049195826,-12227.89936511591,101795.52331694216,161642.40930798277
BU_02,2022-08-01,10152799.20354375,228471.5553536322,58687.16049195826,-12227.899365114048,101795.52331694402,161642.40930798464
BU_02,2022-09-01,9662433.215496965,228471.55535363406,58687.16049196012,-12227.899365114048,101795.52331694402,161642.40930798277
BU_02,2022-10-01,10347584.270861197,228471.55535363406,58687.16049195826,-12227.89936511591,101795.52331694216,161642.40930798277
BU_02,2022-11-01,9934638.249168465,228471.5553536322,58687.16049195826,-12227.89936511591,101795.52331694402,161642.40930798277
BU_02,2022-12-01,9926915.619751498,228471.55535363406,58687.16049195826,-12227.89936511591,101795.52331694402,161642.40930798277
BU_02,2023-01-01,10414708.43589699,228471.55535363406,58687.16049196012,-12227.899365114048,101795.52331694402,161642.40930798464
BU_02,2023-02-01,10240963.483300166,228471.5553536322,58687.16049195826,-12227.89936511591,101795.52331694402,161642.40930798277
BU_02,2023-03-01,10241380.215050075,228471.55535363406,58687.16049195826,-12227.89936511591,101795.52331694216,161642.40930798277
BU_02,2023-04-01,11123905.108556952,228471.5553536322,58687.16049195826,-12227.89936511591,101795.52331694216,161642.40930798277
BU_02,2023-05-01,11572795.593032781,228471.55535363406,58687.16049196012,-12227.899365114048,101795.52331694402,161642.40930798277
BU_02,2023-06-01,11248635.767974313,228471.5553536322,58687.16049195826,-12227.89936511591,101795.52331694216,161642.40930798277
BU_02,2023-07-01,11984451.951217402,228471.5553536322,58687.16049195826,-12227.89936511591,101795.52331694216,161642.40930798277
BU_02,2023-08-01,11437734.93129461,228471.55535363406,58687.16049196012,-12227.89936511591,101795.52331694402,161642.40930798277
BU_02,2023-09-01,12093871.852094047,228471.5553536322,58687.16049195826,-12227.89936511591,101795.52331694216,161642.40930798277
BU_02,2023-10-01,12284499.260571588,228471.55535363406,58687.16049195826,-12227.89936511591,101795.52331694402,161642.40930798277
BU_02,2023-11-01,12399493.389305072,228471.5553536322,58687.16049196012,-12227.899365114048,101795.52331694402,161642.40930798277
BU_02,2023-12-01,12098742.568912936,228471.55535363406,58687.16049196012,-12227.89936511591,101795.52331694402,161642.40930798277
BU_02,2024-01-01,12543800.273838436,228471.55535363406,58687.16049196012,-12227.89936511591,101795.52331694402,161642.40930798277
BU_02,2024-02-01,12999099.820172222,228471.5553536322,58687.16049196012,-12227.899365114048,101795.52331694402,161642.40930798464
BU_02,2024-03-01,12850788.787046101,228471.55535363406,58687.16049195826,-12227.899365114048,101795.52331694402,161642.40930798277
BU_02,2024-04-01,13561617.913777037,228471.55535363406,58687.16049195826,-12227.899365114048,101795.52331694402,161642.40930798277
BU_02,2024-05-01,12743492.132821528,228471.55535363406,58687.16049196012,-12227.89936511591,101795.52331694402,161642.40930798277
BU_02,2024-06-01,13240777.900882179,228471.55535363406,58687.16049195826,-12227.89936511591,101795.52331694402,161642.40930798277
BU_02,2024-07-01,13565689.813984346,228471.55535363406,58687.16049195826,-12227.89936511591,101795.52331694402,161642.40930798277
BU_02,2024-08-01,13389708.829785781,228471.55535363406,58687.16049195826,-12227.89936511591,101795.52331694402,161642.4093079865
BU_02,2024-09-01,13727189.410870904,228471.55535363406,58687.16049195826,-12227.89936511591,101795.52331694402,161642.40930798277
BU_02,2024-10-01,14008813.804500502,228471.55535363406,58687.16049195826,-12227.89936511591,101795.52331694402,161642.40930798277
BU_02,2024-11-01,14097706.409860963,228471.55535363406,58687.16049196012,-12227.89936511591,101795.52331694402,161642.40930798277
BU_02,2024-12-01,13993755.077102588,228471.5553536322,58687.16049196012,-12227.89936511591,101795.52331694402,161642.40930798277
BU_02,2025-01-01,14101248.977758016,228471.55535363406,58687.16049196012,-12227.89936511591,101795.52331694402,161642.40930798277
BU_02,2025-02-01,14076550.67511148,228471.55535363406,58687.16049195826,-12227.89936511591,101795.52331694216,161642.40930798277
BU_02,2025-03-01,14057988.487021046,228471.55535363406,58687.16049196012,-12227.89936511591,101795.52331694402,161642.40930798277
BU_02,2025-04-01,14573661.839850394,228471.55535363406,58687.16049195826,-12227.899365114048,101795.52331694402,161642.40930798277
BU_02,2025-05-01,14545300.568533752,228471.5553536322,58687.16049195826,-12227.89936511591,101795.52331694216,161642.40930798277
BU_02,2025-06-01,14958094.19177653,228471.55535363406,58687.16049195826,-12227.89936511591,101795.52331694402,161642.4093079865
BU_02,2025-07-01,14747377.271153534,228471.5553536322,58687.16049196012,-12227.899365114048,101795.52331694402,161642.40930798277
BU_02,2025-08-01,15242434.194053669,228471.55535363406,58687.16049196012,-12227.89936511591,101795.52331694402,161642.4093079865
BU_02,2025-09-01,15375273.153632266,228471.55535363406,58687.16049195826,-12227.899365114048,101795.52331694402,161642.40930797905
BU_02,2025-10-01,14643952.769657616,228471.55535363406,58687.16049195826,-12227.899365114048,101795.52331694402,161642.40930798277
BU_02,2025-11-01,14457140.25903669,228471.5553536322,58687.16049195826,-12227.89936511591,101795.52331694402,161642.40930798277
BU_03,2022-08-01,9219962.75600223,228471.55535363406,58687.16049195826,-12227.89936511591,101795.52331694402,161642.40930798277
BU_03,2022-09-01,10418558.370061073,228471.55535363406,58687.16049195826,-12227.89936511591,101795.52331694588,161642.40930798277
BU_03,2022-10-01,10114173.656798357,228471.5553536322,58687.16049196012,-12227.899365114048,101795.52331694402,161642.40930798277
BU_03,2022-11-01,10614883.713115167,228471.55535363406,58687.16049195826,-12227.899365112185,101795.52331694216,161642.40930798277
BU_03,2022-12-01,10995376.817421507,228471.5553536322,58687.16049195826,-12227.89936511591,101795.52331694216,161642.40930798277
BU_03,2023-01-01,11096167.594958954,228471.5553536322,58687.16049195826,-12227.89936511591,101795.52331694216,161642.40930798277
BU_03,2023-02-01,11264464.593785577,228471.5553536322,58687.16049195826,-12227.89936511591,101795.52331694216,161642.40930798277
BU_03,2023-03-01,11770979.67694862,228471.5553536322,58687.16049196012,-12227.899365114048,101795.52331694402,161642.40930798277
BU_03,2023-04-01,12349895.551895974,228471.55535363406,58687.16049195826,-12227.899365114048,101795.52331694402,161642.40930798464
BU_03,2023-05-01,12351846.092039071,228471.55535363406,58687.16049195826,-12227.89936511591,101795.52331694588,161642.40930798277
BU_03,2023-06-01,13238746.596377729,228471.55535363406,58687.16049195826,-12227.89936511591,101795.52331694402,161642.40930798277
BU_03,2023-07-01,13437741.320748609,228471.55535363406,58687.16049195826,-12227.89936511591,101795.52331694216,161642.40930798277
BU_03,2023-08-01,13446952.180919755,228471.55535363406,58687.16049195826,-12227.89936511591,101795.52331694402,161642.40930798277
BU_03,2023-09-01,13789088.344331423,228471.5553536322,58687.16049196012,-12227.89936511591,101795.52331694402,161642.4093079865
BU_03,2023-10-01,14316444.016696597,228471.55535363406,58687.16049195826,-12227.899365114048,101795.52331694402,161642.40930798277
BU_03,2023-11-01,14107879.734109454,228471.55535363406,58687.16049195826,-12227.89936511591,101795.52331694402,161642.40930798277
BU_03,2023-12-01,14659354.703198817,228471.5553536322,58687.16049195826,-12227.89936511591,101795.52331694216,161642.40930798277
BU_03,2024-01-01,14746948.899728812,228471.5553536322,58687.16049195826,-12227.89936511591,101795.52331694402,161642.40930798277
BU_03,2024-02-01,14866912.634221042,228471.55535363406,58687.16049195826,-12227.89936511591,101795.52331694216,161642.40930798277
BU_03,2024-03-01,15043520.642889222,228471.5553536322,58687.16049195826,-12227.89936511591,101795.52331694402,161642.40930798277
BU_03,2024-04-01,15330303.786730338,228471.55535363406,58687.16049196012,-12227.899365114048,101795.52331694402,161642.40930798277
BU_03,2024-05-01,15728594.582669262,228471.5553536322,58687.16049195826,-12227.899365114048,101795.52331694402,161642.40930798277
BU_03,2024-06-01,15347669.013613824,228471.5553536322,58687.16049195826,-12227.89936511591,101795.52331694402,161642.40930798277
BU_03,2024-07-01,15236848.05039229,228471.5553536322,58687.16049195826,-12227.89936511591,101795.52331694402,161642.40930798277
BU_03,2024-08-01,15728216.74522125,228471.55535363406,58687.16049196012,-12227.89936511591,101795.52331694402,161642.40930798277
BU_03,2024-09-01,16069916.820910132,228471.55535363406,58687.16049196012,-12227.89936511591,101795.52331694402,161642.40930798277
BU_03,2024-10-01,16408560.59638362,228471.5553536322,58687.16049195826,-12227.89936511591,101795.52331694216,161642.40930798277
BU_03,2024-11-01,16622495.184321392,228471.55535363406,58687.16049195826,-12227.899365114048,101795.52331694402,161642.40930798277
BU_03,2024-12-01,16422042.538658556,228471.55535363406,58687.16049196012,-12227.899365114048,101795.52331694402,161642.40930798277
BU_03,2025-01-01,16775367.926807186,228471.55535363592,58687.16049196012,-12227.899365114048,101795.52331694402,161642.4093079809
BU_03,2025-02-01,16267475.870773602,228471.55535363406,58687.16049195826,-12227.899365114048,101795.52331694402,161642.40930798277
BU_03,2025-03-01,16636408.63040348,228471.55535363592,58687.16049195826,-12227.899365114048,101795.52331694402,161642.40930798836
BU_03,2025-04-01,16833403.42046532,228471.55535363033,58687.16049195826,-12227.89936511591,101795.52331694216,161642.40930797905
BU_03,2025-05-01,16782507.53640949,228471.55535363406,58687.160491961986,-12227.899365114048,101795.52331694588,161642.4093079865
BU_03,2025-06-01,17068160.79980929,228471.55535363406,58687.16049195826,-12227.89936511591,101795.52331694588,161642.40930797905
BU_03,2025-07-01,17426202.656017542,228471.55535363406,58687.16049195826,-12227.89936511591,101795.52331694216,161642.40930798277
BU_03,2025-08-01,17416938.42768123,228471.55535363033,58687.16049195826,-12227.899365119636,101795.52331694216,161642.4093079865
BU_03,2025-09-01,17500031.66490522,228471.55535363406,58687.16049195826,-12227.89936511591,101795.52331694216,161642.40930797905
BU_03,2025-10-01,17510272.641125467,228471.55535363406,58687.16049195826,-12227.89936511591,101795.52331694588,161642.40930798277
BU_03,2025-11-01,17542434.065985315,228471.55535363406,58687.16049195826,-12227.899365112185,101795.52331694216,161642.40930797905
BU_04,2022-06-01,9673897.764756478,228471.5553536322,58687.16049195826,-12227.89936511591,101795.52331694216,161642.40930798277
BU_04,2022-07-01,10031352.32767147,228471.55535363406,58687.16049195826,-12227.899365114048,101795.52331694402,161642.40930798277
BU_04,2022-08-01,9983811.272987768,228471.55535363406,58687.16049195826,-12227.89936511591,101795.52331694402,161642.40930798277
BU_04,2022-09-01,10589396.301280934,228471.55535363406,58687.160491961986,-12227.89936511591,101795.52331694588,161642.40930798277
BU_04,2022-10-01,10552964.345072422,228471.5553536322,58687.16049195826,-12227.89936511591,101795.52331694216,161642.40930798277
BU_04,2022-11-01,10682214.987242159,228471.55535363406,58687.160491961986,-12227.89936511591,101795.52331694588,161642.40930798277
BU_04,2022-12-01,11043583.798706733,228471.55535363406,58687.16049195826,-12227.89936511591,101795.52331694216,161642.40930798277
BU_04,2023-01-01,11475569.270816829,228471.5553536322,58687.16049195826,-12227.89936511591,101795.52331694216,161642.40930798277
BU_04,2023-02-01,11273439.362965861,228471.55535363406,58687.16049195826,-12227.899365114048,101795.52331694216,161642.40930798277
BU_04,2023-03-01,11777933.618123524,228471.55535363406,58687.16049195826,-12227.89936511591,101795.52331694402,161642.40930798277
BU_04,2023-04-01,12099681.946062438,228471.55535363406,58687.16049196012,-12227.89936511591,101795.52331694402,161642.40930798277
BU_04,2023-05-01,12160740.410171267,228471.55535363406,58687.16049195826,-12227.899365114048,101795.52331694402,161642.40930798277
BU_04,2023-06-01,12564717.98309767,228471.55535363406,58687.16049195826,-12227.89936511591,101795.52331694402,161642.40930798277
BU_04,2023-07-01,12509641.4498015,228471.5553536322,58687.16049196012,-12227.89936511591,101795.52331694402,161642.40930798277
BU_04,2023-08-01,12717836.17790753,228471.55535363406,58687.16049195826,-12227.899365114048,101795.52331694402,161642.40930798277
BU_04,2023-09-01,12812660.14998261,228471.55535363406,58687.16049195826,-12227.899365114048,101795.52331694402,161642.4093079865
BU_04,2023-10-01,12948128.932826292,228471.55535363406,58687.16049196012,-12227.89936511591,101795.52331694402,161642.40930798277
BU_04,2023-11-01,12993947.067338532,228471.55535363406,58687.16049196012,-12227.899365114048,101795.52331694402,161642.40930798277
BU_04,2023-12-01,13373924.80620902,228471.55535363406,58687.160491961986,-12227.89936511591,101795.52331694588,161642.40930798277
BU_04,2024-01-01,13916488.796184722,228471.5553536322,58687.16049195826,-12227.899365114048,101795.52331694216,161642.40930798277
BU_04,2024-02-01,13049037.231188789,228471.55535363406,58687.16049196012,-12227.89936511591,101795.52331694402,161642.40930798277
BU_04,2024-03-01,13881229.041743388,228471.55535363406,58687.16049196012,-12227.89936511591,101795.52331694402,161642.40930798277
BU_04,2024-04-01,13684666.593849992,228471.5553536322,58687.16049195826,-12227.89936511591,101795.52331694402,161642.40930798277
BU_04,2024-05-01,14116801.73199371,228471.55535363406,58687.16049195826,-12227.899365114048,101795.52331694402,161642.40930798277
BU_04,2024-06-01,14249758.9678839,228471.55535363406,58687.16049196012,-12227.899365114048,101795.52331694402,161642.40930798277
BU_04,2024-07-01,14418984.213679677,228471.55535363406,58687.16049195826,-12227.899365114048,101795.52331694402,161642.40930798277
BU_04,2024-08-01,14488773.20852098,228471.5553536322,58687.16049195826,-12227.89936511591,101795.52331694402,161642.40930798277
BU_04,2024-09-01,14435557.550141094,228471.55535363406,58687.16049195826,-12227.899365114048,101795.52331694402,161642.40930798277
BU_04,2024-10-01,14679046.843457075,228471.55535363406,58687.16049196012,-12227.899365114048,101795.52331694402,161642.40930798277
BU_04,2024-11-01,14953955.337604549,228471.55535363406,58687.16049195826,-12227.89936511591,101795.52331694402,161642.40930798277
BU_04,2024-12-01,14998700.524494627,228471.55535363406,58687.16049196012,-12227.89936511591,101795.52331694402,161642.40930798277
BU_04,2025-01-01,14758009.479457859,228471.55535363406,58687.16049195826,-12227.89936511591,101795.52331694402,161642.40930798277
BU_04,2025-02-01,15122133.098203905,228471.55535363406,58687.16049195826,-12227.89936511591,101795.52331694402,161642.40930798277
BU_04,2025-03-01,15097333.992510919,228471.55535363406,58687.16049196012,-12227.89936511591,101795.52331694402,161642.4093079865
BU_04,2025-04-01,14810859.597084293,228471.55535363406,58687.16049195826,-12227.899365114048,101795.52331694402,161642.40930798277
BU_04,2025-05-01,15367563.527415197,228471.55535363406,58687.16049196012,-12227.89936511591,101795.52331694402,161642.40930798277
BU_04,2025-06-01,15463829.289558956,228471.5553536322,58687.16049195826,-12227.89936511591,101795.52331694216,161642.40930798277
BU_04,2025-07-01,15963751.049547702,228471.55535363406,58687.16049195826,-12227.89936511591,101795.52331694402,161642.4093079865
BU_04,2025-08-01,16867763.80930871,228471.55535363406,58687.16049195826,-12227.89936511591,101795.52331694588,161642.40930797905
BU_04,2025-09-01,16399321.864852862,228471.5553536322,58687.16049195826,-12227.89936511591,101795.52331694402,161642.40930798277
BU_04,2025-10-01,16258589.037066309,228471.55535363406,58687.16049196012,-12227.89936511591,101795.52331694402,161642.40930797905
BU_04,2025-11-01,16239753.795385199,228471.5553536322,58687.16049195826,-12227.89936511591,101795.52331694402,161642.40930797718
BU_05,2022-06-01,9836924.264949383,228471.5553536322,58687.16049196012,-12227.899365114048,101795.52331694402,161642.40930798464
BU_05,2022-07-01,9957230.088275416,228471.55535363406,58687.16049195826,-12227.899365114048,101795.52331694402,161642.40930798277
BU_05,2022-08-01,10505476.643792862,228471.5553536322,58687.16049195826,-12227.89936511591,101795.52331694216,161642.40930798277
BU_05,2022-09-01,10606109.205115238,228471.5553536322,58687.16049196012,-12227.89936511591,101795.52331694402,161642.40930798277
BU_05,2022-10-01,10734222.52752167,228471.55535363406,58687.16049195826,-12227.89936511591,101795.52331694402,161642.40930798277
BU_05,2022-11-01,11339571.45728346,228471.5553536322,58687.16049195826,-12227.89936511591,101795.52331694216,161642.40930798277
BU_05,2022-12-01,11551676.409926511,228471.5553536322,58687.16049195826,-12227.89936511591,101795.52331694029,161642.4093079809
BU_05,2023-01-01,11973913.736621778,228471.5553536322,58687.16049195826,-12227.89936511591,101795.52331694402,161642.40930798277
BU_05,2023-02-01,12028107.63554774,228471.55535363406,58687.16049195826,-12227.89936511591,101795.52331694216,161642.40930798277
BU_05,2023-03-01,12116197.98085595,228471.5553536322,58687.16049195826,-12227.89936511591,101795.52331694216,161642.40930798277
BU_05,2023-04-01,12223735.631513204,228471.55535363406,58687.16049195826,-12227.89936511591,101795.52331694402,161642.40930798277
BU_05,2023-05-01,12176330.187133266,228471.55535363406,58687.16049195826,-12227.899365114048,101795.52331694216,161642.40930798277
BU_05,2023-06-01,13080369.996366931,228471.5553536322,58687.16049195826,-12227.89936511591,101795.52331694402,161642.40930798277
BU_05,2023-07-01,13508482.445453387,228471.5553536322,58687.16049195826,-12227.89936511591,101795.52331694216,161642.40930798277
BU_05,2023-08-01,13663286.717367623,228471.55535363406,58687.16049196012,-12227.89936511591,101795.52331694402,161642.40930798277
BU_05,2023-09-01,13642846.845496103,228471.5553536322,58687.16049195826,-12227.899365114048,101795.52331694402,161642.40930798277
BU_05,2023-10-01,14299565.923364893,228471.55535363406,58687.16049195826,-12227.89936511591,101795.52331694402,161642.40930798277
BU_05,2023-11-01,13955621.242759256,228471.55535363406,58687.16049195826,-12227.899365114048,101795.52331694216,161642.40930798277
BU_05,2023-12-01,14111581.703701,228471.5553536322,58687.16049195826,-12227.89936511591,101795.52331694402,161642.40930798277
BU_05,2024-01-01,14387521.43497372,228471.55535363406,58687.16049196012,-12227.89936511591,101795.52331694402,161642.40930798277
BU_05,2024-02-01,14476512.795514148,228471.55535363406,58687.16049195826,-12227.89936511591,101795.52331694402,161642.40930798277
BU_05,2024-03-01,14694760.626105273,228471.5553536322,58687.16049195826,-12227.89936511591,101795.52331694216,161642.40930798277
BU_05,2024-04-01,14558010.176886335,228471.55535363406,58687.16049195826,-12227.899365112185,101795.52331694588,161642.40930798277
BU_05,2024-05-01,14712554.121774418,228471.55535363406,58687.16049195826,-12227.899365114048,101795.52331694402,161642.40930798277
BU_05,2024-06-01,15460968.511859622,228471.5553536322,58687.16049195826,-12227.89936511591,101795.52331694216,161642.40930798277
BU_05,2024-07-01,14840501.469932757,228471.55535363406,58687.16049196012,-12227.89936511591,101795.52331694402,161642.40930798277
BU_05,2024-08-01,15277836.389530404,228471.55535363406,58687.16049195826,-12227.899365114048,101795.52331694402,161642.4093079865
BU_05,2024-09-01,15900237.965839138,228471.55535363406,58687.16049195826,-12227.899365114048,101795.52331694402,161642.40930798277
BU_05,2024-10-01,15189853.481266608,228471.55535363406,58687.16049196012,-12227.899365114048,101795.52331694402,161642.40930798277
BU_05,2024-11-01,15668060.234256038,228471.5553536322,58687.16049195826,-12227.899365114048,101795.52331694402,161642.40930798277
BU_05,2024-12-01,15469713.274070725,228471.55535363406,58687.16049195826,-12227.89936511591,101795.52331694402,161642.40930798277
BU_05,2025-01-01,16143247.763309674,228471.5553536322,58687.16049195826,-12227.89936511591,101795.52331694402,161642.40930798277
BU_05,2025-02-01,15668168.877671082,228471.55535363406,58687.16049195826,-12227.89936511591,101795.52331694216,161642.40930797905
BU_05,2025-03-01,16508600.498644145,228471.55535363406,58687.16049196012,-12227.89936511591,101795.52331694402,161642.4093079865
BU_05,2025-04-01,16392375.047788935,228471.55535363406,58687.16049195826,-12227.899365114048,101795.52331694402,161642.40930798277
BU_05,2025-05-01,16125008.356782274,228471.5553536322,58687.16049196012,-12227.899365114048,101795.52331694402,161642.4093079865
BU_05,2025-06-01,16313010.32219901,228471.55535363406,58687.16049195826,-12227.89936511591,101795.52331694216,161642.40930798277
BU_05,2025-07-01,16510966.333261758,228471.55535363406,58687.16049196012,-12227.89936511591,101795.52331694402,161642.40930798277
BU_05,2025-08-01,16383791.820619613,228471.55535363406,58687.16049195826,-12227.899365114048,101795.52331694216,161642.40930798277
BU_05,2025-09-01,16504386.513745327,228471.55535363406,58687.16049195826,-12227.89936511591,101795.52331694402,161642.4093079865
BU_05,2025-10-01,16484468.973041099,228471.55535363406,58687.16049195826,-12227.899365112185,101795.52331694588,161642.40930798277
BU_05,2025-11-01,17004858.908523727,228471.55535363406,58687.160491961986,-12227.89936511591,101795.52331694588,161642.4093079865
BU_06,2022-06-01,10341886.137548303,228471.55535363406,58687.16049196012,-12227.899365114048,101795.52331694402,161642.40930798277
BU_06,2022-07-01,9803484.121059861,228471.5553536322,58687.16049195826,-12227.89936511591,101795.52331694216,161642.40930798277
BU_06,2022-08-01,10260340.973385308,228471.55535363406,58687.16049195826,-12227.899365114048,101795.52331694216,161642.40930798277
BU_06,2022-09-01,10672065.154036433,228471.55535363406,58687.16049195826,-12227.899365114048,101795.52331694402,161642.40930798277
BU_06,2022-10-01,10374848.60542365,228471.55535363406,58687.16049195826,-12227.899365114048,101795.52331694402,161642.40930798277
BU_06,2022-11-01,10651561.044842787,228471.55535363406,58687.16049195826,-12227.89936511591,101795.52331694216,161642.40930798277
BU_06,2022-12-01,11081946.889138436,228471.55535363406,58687.16049196012,-12227.89936511591,101795.52331694402,161642.40930798277
BU_06,2023-01-01,11205905.963264056,228471.55535363406,58687.16049195826,-12227.899365112185,101795.52331694588,161642.40930798277
BU_06,2023-02-01,11644295.179031268,228471.55535363406,58687.16049195826,-12227.89936511591,101795.52331694402,161642.40930798464
BU_06,2023-03-01,11715779.699881664,228471.55535363406,58687.16049196012,-12227.89936511591,101795.52331694402,161642.40930798277
BU_06,2023-04-01,12183606.407177366,228471.55535363406,58687.16049195826,-12227.89936511591,101795.52331694402,161642.40930798277
BU_06,2023-05-01,12258902.581187403,228471.55535363406,58687.16049195826,-12227.89936511591,101795.52331694402,161642.40930798277
BU_06,2023-06-01,11891290.182130633,228471.55535363406,58687.16049196012,-12227.89936511591,101795.52331694402,161642.40930798277
BU_06,2023-07-01,12166961.119994497,228471.5553536322,58687.16049195826,-12227.899365114048,101795.52331694402,161642.40930798277
BU_06,2023-08-01,12752489.959677879,228471.55535363406,58687.16049196012,-12227.89936511591,101795.52331694402,161642.40930798277
BU_06,2023-09-01,12635305.24243695,228471.5553536322,58687.16049196012,-12227.89936511591,101795.52331694402,161642.40930798464
BU_06,2023-10-01,13460834.409159059,228471.5553536322,58687.16049195826,-12227.899365114048,101795.52331694402,161642.40930798277
BU_06,2023-11-01,12671637.112939129,228471.5553536322,58687.16049195826,-12227.89936511591,101795.52331694402,161642.40930798277
BU_06,2023-12-01,13279329.14060079,228471.55535363406,58687.16049195826,-12227.89936511591,101795.52331694402,161642.40930798277
BU_06,2024-01-01,13343556.288360544,228471.55535363406,58687.16049195826,-12227.899365114048,101795.52331694402,161642.40930798277
BU_06,2024-02-01,13642091.904725123,228471.5553536322,58687.16049195826,-12227.89936511591,101795.52331694216,161642.40930798277
BU_06,2024-03-01,13386993.967195675,228471.55535363406,58687.16049195826,-12227.89936511591,101795.52331694402,161642.40930798277
BU_06,2024-04-01,13579697.297290888,228471.5553536322,58687.16049195826,-12227.89936511591,101795.52331694402,161642.40930798277
BU_06,2024-05-01,14283291.043887073,228471.55535363406,58687.16049195826,-12227.89936511591,101795.52331694402,161642.40930798277
BU_06,2024-06-01,14429179.023152072,228471.55535363406,58687.16049195826,-12227.899365112185,101795.52331694588,161642.40930798277
BU_06,2024-07-01,14396928.807878554,228471.55535363406,58687.16049195826,-12227.899365114048,101795.52331694402,161642.40930798277
BU_06,2024-08-01,14629064.511741718,228471.5553536322,58687.16049195826,-12227.89936511591,101795.52331694402,161642.40930798277
BU_06,2024-09-01,14950342.69173174,228471.55535363406,58687.16049196012,-12227.89936511591,101795.52331694402,161642.40930798277
BU_06,2024-10-01,14904518.939366855,228471.5553536322,58687.16049195826,-12227.89936511591,101795.52331694402,161642.40930798277
BU_06,2024-11-01,15216211.871605422,228471.55535363406,58687.16049195826,-12227.899365114048,101795.52331694402,161642.40930798277
BU_06,2024-12-01,15617763.50126584,228471.55535363406,58687.16049196012,-12227.89936511591,101795.52331694402,161642.40930798464
BU_06,2025-01-01,15128719.121315656,228471.55535363406,58687.16049195826,-12227.899365114048,101795.52331694402,161642.40930798277
BU_06,2025-02-01,15617823.048478398,228471.55535363406,58687.16049195826,-12227.89936511591,101795.52331694402,161642.40930798277
BU_06,2025-03-01,15818762.960540999,228471.55535363406,58687.16049195826,-12227.899365114048,101795.52331694402,161642.40930798277
BU_06,2025-04-01,15861918.762851628,228471.5553536322,58687.16049195826,-12227.89936511591,101795.52331694402,161642.40930798277
BU_06,2025-05-01,16453631.59059768,228471.5553536322,58687.16049195826,-12227.89936511591,101795.52331694216,161642.40930798277
BU_06,2025-06-01,15504657.08742121,228471.55535363406,58687.16049195826,-12227.899365114048,101795.52331694402,161642.4093079865
BU_06,2025-07-01,16112154.475538623,228471.55535363406,58687.16049195826,-12227.89936511591,101795.52331694402,161642.40930798277
BU_06,2025-08-01,16589264.095020102,228471.5553536322,58687.16049196012,-12227.89936511591,101795.52331694402,161642.4093079865
BU_06,2025-09-01,16330015.19826917,228471.5553536322,58687.16049196012,-12227.899365114048,101795.52331694402,161642.40930798277
BU_06,2025-10-01,16108445.434078276,228471.55535363406,58687.16049195826,-12227.899365114048,101795.52331694402,161642.40930798277
BU_06,2025-11-01,16431716.796602476,228471.55535363406,58687.16049195826,-12227.89936511591,101795.52331694402,161642.40930798277
BU_07,2022-06-01,9392387.65520278,228471.55535363406,58687.16049195826,-12227.89936511591,101795.52331694402,161642.40930798277
BU_07,2022-07-01,9601041.766201096,228471.55535363406,58687.16049196012,-12227.899365114048,101795.52331694402,161642.40930798277
BU_07,2022-08-01,10050658.161376104,228471.55535363406,58687.16049195826,-12227.89936511591,101795.52331694402,161642.40930798277
BU_07,2022-09-01,10905191.926145464,228471.55535363406,58687.16049196012,-12227.89936511591,101795.52331694402,161642.40930798277
BU_07,2022-10-01,10487848.353220325,228471.55535363406,58687.16049195826,-12227.899365112185,101795.52331694588,161642.40930798277
BU_07,2022-11-01,10465784.647442784,228471.55535363406,58687.16049195826,-12227.899365114048,101795.52331694402,161642.40930798277
BU_07,2022-12-01,11262364.590979192,228471.55535363406,58687.160491961986,-12227.899365112185,101795.52331694588,161642.40930798277
BU_07,2023-01-01,10887180.178409971,228471.55535363406,58687.16049195826,-12227.89936511591,101795.52331694216,161642.40930798277
BU_07,2023-02-01,10892393.651303388,228471.5553536322,58687.16049195826,-12227.89936511591,101795.52331694216,161642.40930798277
BU_07,2023-03-01,11034928.548561294,228471.5553536322,58687.16049195826,-12227.89936511591,101795.52331694216,161642.40930798277
BU_07,2023-04-01,11566037.3392355,228471.55535363406,58687.16049195826,-12227.89936511591,101795.52331694402,161642.40930798277
BU_07,2023-05-01,11438229.503874728,228471.55535363406,58687.16049196012,-12227.899365114048,101795.52331694402,161642.40930798277
BU_07,2023-06-01,12021302.573904997,228471.55535363406,58687.16049196012,-12227.899365114048,101795.52331694402,161642.40930798277
BU_07,2023-07-01,12020844.840929002,228471.5553536322,58687.16049195826,-12227.89936511591,101795.52331694402,161642.40930798277
BU_07,2023-08-01,12289191.648622174,228471.55535363406,58687.160491961986,-12227.899365112185,101795.52331694588,161642.40930798277
BU_07,2023-09-01,12391502.671860669,228471.55535363406,58687.16049195826,-12227.899365114048,101795.52331694402,161642.40930798277
BU_07,2023-10-01,12697851.087658511,228471.5553536322,58687.16049195826,-12227.89936511591,101795.52331694402,161642.40930798277
BU_07,2023-11-01,12814476.196618179,228471.55535363406,58687.16049195826,-12227.89936511591,101795.52331694402,161642.40930798277
BU_07,2023-12-01,12742875.149751386,228471.55535363406,58687.16049195826,-12227.899365114048,101795.52331694402,161642.40930798464
BU_07,2024-01-01,12983465.534598058,228471.55535363406,58687.16049195826,-12227.899365114048,101795.52331694402,161642.40930798277
BU_07,2024-02-01,13250826.267461319,228471.55535363406,58687.16049195826,-12227.899365114048,101795.52331694216,161642.40930798277
BU_07,2024-03-01,13785883.432340896,228471.55535363406,58687.16049196012,-12227.899365112185,101795.52331694402,161642.40930798277
BU_07,2024-04-01,13624717.560627278,228471.55535363406,58687.16049195826,-12227.89936511591,101795.52331694402,161642.40930798277
BU_07,2024-05-01,13327851.570112348,228471.5553536322,58687.16049196012,-12227.89936511591,101795.52331694402,161642.40930798277
BU_07,2024-06-01,14408518.814303402,228471.55535363406,58687.16049195826,-12227.89936511591,101795.52331694402,161642.40930798277
BU_07,2024-07-01,13616044.645209266,228471.55535363406,58687.16049196012,-12227.89936511591,101795.52331694402,161642.40930798277
BU_07,2024-08-01,14049892.942047216,228471.55535363406,58687.16049195826,-12227.89936511591,101795.52331694216,161642.40930798277
BU_07,2024-09-01,14596372.518626172,228471.55535363406,58687.16049196012,-12227.899365114048,101795.52331694402,161642.40930798277
BU_07,2024-10-01,14532523.574283032,228471.55535363406,58687.16049195826,-12227.89936511591,101795.52331694402,161642.40930798277
BU_07,2024-11-01,14400316.338834018,228471.5553536322,58687.16049195826,-12227.899365112185,101795.52331694216,161642.40930798277
BU_07,2024-12-01,14813444.429183964,228471.55535363406,58687.16049195826,-12227.89936511591,101795.52331694402,161642.40930798277
BU_07,2025-01-01,14673033.663361149,228471.55535363406,58687.16049195826,-12227.899365114048,101795.52331694402,161642.40930798277
BU_07,2025-02-01,14906393.946538324,228471.55535363406,58687.16049195826,-12227.899365114048,101795.52331694402,161642.40930798464
BU_07,2025-03-01,14592498.436937772,228471.5553536322,58687.16049195826,-12227.89936511591,101795.52331694402,161642.40930798277
BU_07,2025-04-01,14985528.181351615,228471.55535363406,58687.16049195826,-12227.899365114048,101795.52331694402,161642.40930798277
BU_07,2025-05-01,14971051.696885386,228471.55535363406,58687.16049196012,-12227.899365114048,101795.52331694402,161642.40930798277
BU_07,2025-06-01,15260440.361292105,228471.55535363406,58687.16049195826,-12227.89936511591,101795.52331694402,161642.40930798277
BU_07,2025-07-01,15361928.41052829,228471.5553536322,58687.16049195826,-12227.89936511591,101795.52331694402,161642.4093079865
BU_07,2025-08-01,15583663.498064462,228471.55535363406,58687.16049195826,-12227.89936511591,101795.52331694402,161642.4093079865
BU_07,2025-09-01,15995481.589427335,228471.55535363406,58687.16049195826,-12227.899365114048,101795.52331694402,161642.40930797905
BU_07,2025-10-01,15831362.469089052,228471.5553536322,58687.16049195826,-12227.89936511591,101795.52331694402,161642.40930797905
BU_07,2025-11-01,15674395.160877965,228471.55535363406,58687.16049195826,-12227.89936511591,101795.52331694216,161642.40930798277
BU_08,2022-06-01,9030235.86644378,228471.55535363406,58687.16049195826,-12227.89936511591,101795.52331694216,161642.40930798464
BU_08,2022-07-01,10080463.692590836,228471.5553536322,58687.16049195826,-12227.89936511591,101795.52331694216,161642.40930798277
BU_08,2022-08-01,10390792.289208882,228471.5553536322,58687.16049195826,-12227.89936511591,101795.52331694216,161642.4093079865
BU_08,2022-09-01,10694926.020516062,228471.55535363406,58687.16049195826,-12227.89936511591,101795.52331694402,161642.40930798277
BU_08,2022-10-01,10844109.162626266,228471.55535363406,58687.16049195826,-12227.89936511591,101795.52331694588,161642.40930798277
BU_08,2022-11-01,11230237.564140156,228471.55535363406,58687.16049196012,-12227.89936511591,101795.52331694402,161642.40930798277
BU_08,2022-12-01,11283115.400976941,228471.55535363406,58687.16049195826,-12227.899365114048,101795.52331694402,161642.40930798277
BU_08,2023-01-01,11471813.88925925,228471.55535363406,58687.16049196012,-12227.899365114048,101795.52331694402,161642.40930798277
BU_08,2023-02-01,11852115.257379608,228471.55535363406,58687.16049196012,-12227.899365114048,101795.52331694402,161642.40930798277
BU_08,2023-03-01,11652857.238420134,228471.55535363406,58687.16049196012,-12227.89936511591,101795.52331694402,161642.40930798277
BU_08,2023-04-01,12347358.292233743,228471.55535363406,58687.16049195826,-12227.899365114048,101795.52331694216,161642.40930798277
BU_08,2023-05-01,12200124.167971898,228471.55535363406,58687.16049195826,-12227.89936511591,101795.52331694402,161642.40930798277
BU_08,2023-06-01,12106435.074046154,228471.55535363406,58687.16049196012,-12227.89936511591,101795.52331694402,161642.40930798277
BU_08,2023-07-01,12660765.994173417,228471.55535363406,58687.16049195826,-12227.899365114048,101795.52331694402,161642.40930798277
BU_08,2023-08-01,12696948.949178664,228471.5553536322,58687.16049195826,-12227.899365114048,101795.52331694402,161642.40930798277
BU_08,2023-09-01,12888707.02905579,228471.5553536322,58687.16049196012,-12227.89936511591,101795.52331694402,161642.40930798277
BU_08,2023-10-01,13819915.743834488,228471.55535363406,58687.16049195826,-12227.899365114048,101795.52331694402,161642.40930798277
BU_08,2023-11-01,13074737.141365582,228471.55535363406,58687.16049195826,-12227.89936511591,101795.52331694402,161642.40930798277
BU_08,2023-12-01,13299525.276314406,228471.5553536322,58687.16049195826,-12227.899365114048,101795.52331694216,161642.40930798277
BU_08,2024-01-01,13265181.795411574,228471.55535363406,58687.16049196012,-12227.89936511591,101795.52331694402,161642.40930798277
BU_08,2024-02-01,13312666.028126534,228471.55535363406,58687.16049195826,-12227.89936511591,101795.52331694402,161642.40930798277
BU_08,2024-03-01,14706307.274622444,228471.55535363406,58687.16049195826,-12227.89936511591,101795.52331694402,161642.40930798277
BU_08,2024-04-01,14503735.443127116,228471.5553536322,58687.16049195826,-12227.89936511591,101795.52331694402,161642.40930798277
BU_08,2024-05-01,14650100.954841858,228471.5553536322,58687.16049196012,-12227.89936511591,101795.52331694402,161642.40930798277
BU_08,2024-06-01,15095306.565150555,228471.55535363406,58687.16049195826,-12227.899365114048,101795.52331694402,161642.40930798277
BU_08,2024-07-01,15491714.394439781,228471.5553536322,58687.16049195826,-12227.89936511591,101795.52331694402,161642.40930798464
BU_08,2024-08-01,14926113.038622329,228471.5553536322,58687.16049195826,-12227.89936511591,101795.52331694402,161642.40930798277
BU_08,2024-09-01,15252001.118438888,228471.55535363406,58687.160491961986,-12227.89936511591,101795.52331694588,161642.40930798277
BU_08,2024-10-01,15603234.676092725,228471.55535363406,58687.16049195826,-12227.899365114048,101795.52331694402,161642.40930798277
BU_08,2024-11-01,15535699.220035108,228471.5553536322,58687.16049195826,-12227.899365114048,101795.52331694402,161642.40930798277
BU_08,2024-12-01,16078116.22453415,228471.5553536322,58687.16049195826,-12227.89936511591,101795.52331694216,161642.4093079865
BU_08,2025-01-01,15512519.458628502,228471.55535363406,58687.160491961986,-12227.89936511591,101795.52331694588,161642.40930798277
BU_08,2025-02-01,15632084.495339796,228471.5553536322,58687.16049195826,-12227.89936511591,101795.52331694216,161642.40930798277
BU_08,2025-03-01,15515966.348193374,228471.55535363406,58687.16049195826,-12227.89936511591,101795.52331694216,161642.40930798277
BU_08,2025-04-01,15702839.480706684,228471.5553536322,58687.16049195826,-12227.89936511591,101795.52331694216,161642.40930798277
BU_08,2025-05-01,15917956.865687447,228471.5553536322,58687.16049195826,-12227.89936511591,101795.52331694402,161642.40930797905
BU_08,2025-06-01,15630622.340600764,228471.55535363406,58687.16049195826,-12227.89936511591,101795.52331694402,161642.40930798277
BU_08,2025-07-01,16312418.156319546,228471.55535363406,58687.16049196012,-12227.899365114048,101795.52331694402,161642.40930798277
BU_08,2025-08-01,15882995.020785457,228471.55535363406,58687.16049195826,-12227.89936511591,101795.52331694402,161642.40930798277
BU_08,2025-09-01,16110403.34957803,228471.5553536322,58687.16049195826,-12227.899365114048,101795.52331694216,161642.40930798464
BU_08,2025-10-01,16712277.111524692,228471.5553536322,58687.16049195826,-12227.89936511591,101795.52331694402,161642.4093079809
BU_08,2025-11-01,16359319.786086228,228471.5553536322,58687.16049195826,-12227.89936511591,101795.52331694216,161642.4093079865
BU_09,2022-06-01,9498071.073856898,228471.55535363406,58687.16049196012,-12227.899365114048,101795.52331694588,161642.40930798277
BU_09,2022-07-01,9264380.778126154,228471.5553536322,58687.16049195826,-12227.89936511591,101795.52331694216,161642.40930798277
BU_09,2022-08-01,9677232.2001031,228471.55535363406,58687.16049195826,-12227.89936511591,101795.52331694402,161642.4093079809
BU_09,2022-09-01,9821950.743995761,228471.5553536322,58687.16049195826,-12227.89936511591,101795.52331694402,161642.40930798464
BU_09,2022-10-01,10119013.320423312,228471.55535363406,58687.16049195826,-12227.89936511591,101795.52331694216,161642.40930798277
BU_09,2022-11-01,9933087.18768356,228471.55535363406,58687.16049196012,-12227.899365114048,101795.52331694402,161642.40930798464
BU_09,2022-12-01,10281311.492842127,228471.5553536322,58687.16049195826,-12227.89936511591,101795.52331694216,161642.40930798277
BU_09,2023-01-01,10399983.777062714,228471.5553536322,58687.16049195826,-12227.89936511591,101795.52331694216,161642.40930798277
BU_09,2023-02-01,11162759.710517548,228471.55535363406,58687.16049196012,-12227.899365114048,101795.52331694402,161642.40930798277
BU_09,2023-03-01,10794419.146882381,228471.5553536322,58687.16049195826,-12227.89936511591,101795.52331694216,161642.40930798277
BU_09,2023-04-01,10729193.753802836,228471.55535363406,58687.16049195826,-12227.89936511591,101795.52331694402,161642.40930798277
BU_09,2023-05-01,10946633.885791514,228471.55535363406,58687.16049195826,-12227.899365114048,101795.52331694216,161642.40930798277
BU_09,2023-06-01,11223960.469614713,228471.5553536322,58687.16049195826,-12227.89936511591,101795.52331694216,161642.40930798277
BU_09,2023-07-01,11784159.953321509,228471.55535363406,58687.16049195826,-12227.89936511591,101795.52331694402,161642.40930798277
BU_09,2023-08-01,11130440.611006495,228471.55535363406,58687.16049195826,-12227.89936511591,101795.52331694402,161642.40930798277
BU_09,2023-09-01,11935448.479103092,228471.5553536322,58687.16049195826,-12227.89936511591,101795.52331694216,161642.40930798277
BU_09,2023-10-01,12168473.493046148,228471.55535363406,58687.16049196012,-12227.89936511591,101795.52331694402,161642.40930798277
BU_09,2023-11-01,12327429.64487503,228471.55535363406,58687.16049195826,-12227.89936511591,101795.52331694216,161642.40930798464
BU_09,2023-12-01,12362959.237964882,228471.55535363406,58687.16049195826,-12227.89936511591,101795.52331694216,161642.40930798277
BU_09,2024-01-01,12733462.769280955,228471.55535363406,58687.16049196012,-12227.89936511591,101795.52331694402,161642.40930798277
BU_09,2024-02-01,13330121.988169111,228471.5553536322,58687.16049195826,-12227.899365114048,101795.52331694402,161642.40930798277
BU_09,2024-03-01,12703357.193521814,228471.55535363406,58687.16049195826,-12227.89936511591,101795.52331694402,161642.40930798277
BU_09,2024-04-01,13209288.897500174,228471.5553536322,58687.16049196012,-12227.89936511591,101795.52331694402,161642.40930798464
BU_09,2024-05-01,13403322.683952294,228471.55535363406,58687.16049195826,-12227.89936511591,101795.52331694216,161642.40930798277
BU_09,2024-06-01,13426640.646342713,228471.55535363406,58687.16049196012,-12227.899365114048,101795.52331694402,161642.40930798277
BU_09,2024-07-01,13565784.235475356,228471.55535363406,58687.16049195826,-12227.89936511591,101795.52331694216,161642.40930798277
BU_09,2024-08-01,13136821.390189173,228471.55535363406,58687.16049195826,-12227.89936511591,101795.52331694402,161642.40930798277
BU_09,2024-09-01,13991301.54519599,228471.55535363406,58687.16049196012,-12227.89936511591,101795.52331694402,161642.40930798277
BU_09,2024-10-01,13891658.863947826,228471.55535363406,58687.16049195826,-12227.899365114048,101795.52331694402,161642.40930798277
BU_09,2024-11-01,13791172.986694882,228471.55535363406,58687.16049196012,-12227.899365114048,101795.52331694402,161642.40930798277
BU_09,2024-12-01,13992401.846136337,228471.55535363406,58687.16049196012,-12227.89936511591,101795.52331694402,161642.40930798277
BU_09,2025-01-01,14931173.78953673,228471.55535363406,58687.16049196012,-12227.899365114048,101795.52331694402,161642.40930798277
BU_09,2025-02-01,14631829.124036653,228471.5553536322,58687.16049195826,-12227.89936511591,101795.52331694402,161642.40930798277
BU_09,2025-03-01,14817238.998483442,228471.5553536322,58687.16049196012,-12227.899365114048,101795.52331694402,161642.40930798277
BU_09,2025-04-01,15079773.347885659,228471.55535363406,58687.16049195826,-12227.899365114048,101795.52331694402,161642.40930798277
BU_09,2025-05-01,14901695.422061183,228471.55535363406,58687.16049196012,-12227.89936511591,101795.52331694402,161642.40930798277
BU_09,2025-06-01,15527800.750261003,228471.55535363406,58687.16049195826,-12227.89936511591,101795.52331694216,161642.40930798277
BU_09,2025-07-01,15142438.267878626,228471.55535363406,58687.16049195826,-12227.89936511591,101795.52331694402,161642.40930798277
BU_09,2025-08-01,16065226.415748844,228471.5553536322,58687.16049195826,-12227.89936511591,101795.52331694402,161642.40930798277
BU_09,2025-09-01,15993812.017781148,228471.55535363406,58687.16049195826,-12227.899365114048,101795.52331694402,161642.40930798277
BU_09,2025-10-01,15978165.880145298,228471.55535363406,58687.16049196012,-12227.89936511591,101795.52331694402,161642.40930798277
BU_09,2025-11-01,16176069.36274093,228471.5553536322,58687.16049195826,-12227.89936511591,101795.52331694216,161642.4093079865
BU_10,2022-06-01,9850148.0072615,228471.55535363406,58687.16049195826,-12227.89936511591,101795.52331694216,161642.40930798277
BU_10,2022-07-01,9810249.822455589,228471.55535363406,58687.16049195826,-12227.89936511591,101795.52331694402,161642.40930798277
BU_10,2022-08-01,9895049.427278794,228471.55535363406,58687.160491961986,-12227.899365112185,101795.52331694588,161642.4093079865
BU_10,2022-09-01,9910159.577738084,228471.55535363406,58687.16049196012,-12227.899365114048,101795.52331694402,161642.40930798277
BU_10,2022-10-01,9997136.369842898,228471.5553536322,58687.16049195826,-12227.89936511591,101795.52331694216,161642.40930798277
BU_10,2022-11-01,10172465.382054113,228471.5553536322,58687.16049195826,-12227.89936511591,101795.52331694216,161642.40930798277
BU_10,2022-12-01,10372989.506224554,228471.55535363406,58687.16049196012,-12227.89936511591,101795.52331694402,161642.40930798277
BU_10,2023-01-01,10718845.315994058,228471.55535363406,58687.16049196012,-12227.899365114048,101795.52331694402,161642.40930798277
BU_10,2023-02-01,10950189.580370452,228471.55535363406,58687.16049195826,-12227.899365114048,101795.52331694402,161642.40930798277
BU_10,2023-03-01,11326706.708317168,228471.55535363406,58687.16049195826,-12227.89936511591,101795.52331694216,161642.40930798277
BU_10,2023-04-01,11377953.920436319,228471.55535363406,58687.16049196012,-12227.899365114048,101795.52331694402,161642.40930798277
BU_10,2023-05-01,12110660.433507761,228471.55535363406,58687.16049195826,-12227.899365114048,101795.52331694402,161642.40930798277
BU_10,2023-06-01,11623145.366493905,228471.55535363406,58687.16049195826,-12227.899365114048,101795.52331694402,161642.40930798277
BU_10,2023-07-01,12218361.694474166,228471.55535363406,58687.16049195826,-12227.899365114048,101795.52331694216,161642.40930798277
BU_10,2023-08-01,12236595.715130188,228471.55535363406,58687.16049195826,-12227.89936511591,101795.52331694402,161642.40930798277
BU_10,2023-09-01,12579037.930517044,228471.55535363406,58687.16049195826,-12227.89936511591,101795.52331694216,161642.40930798277
BU_10,2023-10-01,12178474.181451071,228471.55535363406,58687.16049196012,-12227.899365114048,101795.52331694402,161642.40930798277
BU_10,2023-11-01,13185202.522423448,228471.5553536322,58687.16049196012,-12227.89936511591,101795.52331694402,161642.40930798277
BU_10,2023-12-01,13113189.657040354,228471.55535363406,58687.16049195826,-12227.899365112185,101795.52331694216,161642.40930798277
BU_10,2024-01-01,13470584.09302965,228471.55535363406,58687.16049195826,-12227.89936511591,101795.52331694216,161642.40930798277
BU_10,2024-02-01,13728359.66004305,228471.55535363406,58687.16049195826,-12227.89936511591,101795.52331694402,161642.40930798277
BU_10,2024-03-01,14029113.066461667,228471.55535363406,58687.16049195826,-12227.89936511591,101795.52331694402,161642.40930798464
BU_10,2024-04-01,14031731.069825374,228471.55535363406,58687.16049195826,-12227.89936511591,101795.52331694402,161642.40930798277
BU_10,2024-05-01,14313995.283804646,228471.55535363406,58687.16049196012,-12227.899365114048,101795.52331694402,161642.40930798277
BU_10,2024-06-01,14100557.736559883,228471.55535363406,58687.16049195826,-12227.89936511591,101795.52331694402,161642.40930798277
BU_10,2024-07-01,14667646.375034634,228471.55535363406,58687.16049195826,-12227.89936511591,101795.52331694402,161642.40930798277
BU_10,2024-08-01,14671258.809089191,228471.55535363406,58687.16049195826,-12227.89936511591,101795.52331694402,161642.40930798277
BU_10,2024-09-01,14927997.489006575,228471.5553536322,58687.16049196012,-12227.899365114048,101795.52331694402,161642.40930798277
BU_10,2024-10-01,15755983.61300926,228471.55535363406,58687.16049195826,-12227.899365112185,101795.52331694588,161642.40930798277
BU_10,2024-11-01,15476153.543325746,228471.5553536322,58687.16049196012,-12227.899365112185,101795.52331694402,161642.40930798277
BU_10,2024-12-01,15317121.76350614,228471.55535363406,58687.16049195826,-12227.89936511591,101795.52331694402,161642.40930798277
BU_10,2025-01-01,16099755.135138651,228471.5553536322,58687.16049195826,-12227.89936511591,101795.52331694402,161642.40930798277
BU_10,2025-02-01,16090300.68510832,228471.55535363406,58687.16049195826,-12227.899365114048,101795.52331694402,161642.40930798277
BU_10,2025-03-01,16186234.595574252,228471.5553536322,58687.16049195826,-12227.89936511591,101795.52331694402,161642.40930798277
BU_10,2025-04-01,16283367.379241655,228471.55535363406,58687.16049195826,-12227.89936511591,101795.52331694402,161642.40930797905
BU_10,2025-05-01,16930047.118421365,228471.55535363033,58687.16049195826,-12227.89936511591,101795.52331694216,161642.40930798277
BU_10,2025-06-01,16950227.52434621,228471.55535363406,58687.160491961986,-12227.899365112185,101795.52331694588,161642.40930797905
BU_10,2025-07-01,16954116.695781983,228471.55535363406,58687.16049195826,-12227.899365112185,101795.52331694216,161642.40930797905
BU_10,2025-08-01,16579114.364912009,228471.55535363592,58687.16049195826,-12227.899365114048,101795.52331694402,161642.40930797905
BU_10,2025-09-01,16867326.598186508,228471.55535363406,58687.16049195826,-12227.899365112185,101795.52331694216,161642.40930798277
BU_10,2025-10-01,16855197.282987636,228471.55535363406,58687.160491961986,-12227.89936511591,101795.52331694588,161642.40930798277
BU_10,2025-11-01,17338304.283291057,228471.55535363406,58687.16049195826,-12227.899365112185,101795.52331694216,161642.40930798277
