employee_id,review_date,rating,calibrated_rating,goal_attainment_pct
E00001,2025-07-01,3,3,0.943
E00002,2023-10-01,4,4,0.921
E00002,2024-01-01,4,4,0.972
E00002,2025-06-01,4,5,0.977
E00003,2023-12-01,3,3,0.951
E00003,2024-01-01,3,3,0.783
E00003,2024-04-01,3,3,0.965
E00004,2025-08-01,3,3,0.989
E00004,2025-09-01,4,4,0.903
E00004,2025-10-01,4,4,0.802
E00005,2025-11-01,3,3,0.971
E00006,2025-05-01,4,4,0.661
E00006,2025-08-01,4,4,1.327
E00006,2025-10-01,4,4,0.86
E00007,2020-04-01,3,3,0.853
E00008,2019-02-01,3,3,0.987
E00008,2020-01-01,3,3,1.08
E00008,2020-11-01,3,3,0.804
E00009,2022-07-01,3,3,1.085
E00009,2024-03-01,3,3,1.156
E00010,2024-11-01,3,3,1.134
E00010,2025-01-01,3,3,1.127
E00010,2025-04-01,3,3,0.939
E00011,2025-03-01,4,5,1.194
E00011,2025-06-01,4,4,1.025
E00011,2025-08-01,4,4,1.04
E00011,2025-09-01,4,4,1.007
E00012,2018-06-01,3,3,1.052
E00013,2022-12-01,2,2,0.98
E00014,2024-10-01,2,2,0.917
E00015,2021-12-01,4,4,1.139
E00015,2022-01-01,4,4,0.97
E00015,2025-04-01,4,3,0.926
E00016,2024-06-01,3,3,0.847
E00016,2024-08-01,3,3,0.786
E00016,2024-09-01,2,2,1.099
E00016,2024-12-01,2,2,1.085
E00017,2022-03-01,3,3,0.894
E00017,2024-03-01,2,2,1.22
E00017,2024-08-01,1,1,1.051
E00017,2025-11-01,1,1,0.802
E00018,2021-09-01,3,3,1.136
E00018,2021-11-01,3,3,1.006
E00018,2022-08-01,2,3,0.907
E00018,2023-09-01,2,2,1.06
E00019,2024-07-01,4,4,0.802
E00019,2024-08-01,4,5,1.098
E00020,2021-06-01,3,2,1.098
E00021,2020-12-01,3,3,0.946
E00021,2022-06-01,4,4,1.029
E00021,2025-05-01,4,4,0.934
E00022,2020-10-01,3,3,0.972
E00022,2021-02-01,3,3,0.836
E00022,2021-09-01,4,4,0.882
E00022,2022-01-01,3,3,0.921
E00022,2022-11-01,3,3,1.06
E00023,2023-09-01,3,3,0.915
E00023,2025-01-01,3,3,1.11
E00023,2025-03-01,3,3,1.132
E00024,2020-03-01,3,3,0.897
E00024,2020-09-01,3,3,0.804
E00024,2022-04-01,2,2,0.998
E00024,2023-03-01,2,2,1.045
E00025,2025-09-01,3,3,1.034
E00025,2025-10-01,3,3,0.801
E00025,2025-11-01,4,4,1.047
E00025,2025-12-01,4,4,1.154
E00026,2025-01-01,4,3,0.814
E00027,2022-09-01,3,3,1.082
E00028,2022-01-01,4,4,1.073
E00028,2023-09-01,3,3,1.18
E00028,2024-01-01,3,3,0.986
E00028,2024-04-01,3,3,1.165
E00028,2025-05-01,4,4,0.916
E00029,2024-11-01,3,3,1.118
E00029,2025-05-01,3,3,0.857
E00029,2025-07-01,3,3,1.007
E00029,2025-08-01,3,3,1.046
E00030,2025-04-01,4,4,0.62
E00030,2025-05-01,4,4,1.029
E00031,2025-10-01,4,4,0.797
E00032,2025-10-01,4,4,1.079
E00033,2025-11-01,3,3,0.991
E00034,2025-05-01,3,3,1.151
E00034,2025-08-01,3,3,1.189
E00034,2025-12-01,3,3,0.924
E00035,2024-07-01,3,3,0.857
E00035,2024-08-01,4,4,0.823
E00035,2025-07-01,4,4,0.995
E00036,2025-02-01,4,4,0.65
E00037,2022-03-01,4,4,0.755
E00037,2022-09-01,4,4,1.081
E00037,2025-08-01,4,4,0.944
E00038,2025-08-01,4,4,1.182
E00038,2025-11-01,4,4,0.954
E00038,2025-12-01,4,4,1.101
E00039,2023-11-01,3,3,1.068
E00040,2020-03-01,4,4,1.135
E00040,2022-12-01,4,4,0.916
E00041,2024-09-01,3,3,0.757
E00041,2024-11-01,3,3,1.029
E00041,2025-08-01,3,3,0.759
E00041,2025-09-01,3,3,0.886
E00041,2025-11-01,4,4,1.126
E00042,2019-12-01,3,3,1.06
E00042,2021-04-01,3,3,0.876
E00042,2021-11-01,3,3,1.113
E00042,2022-10-01,3,3,0.987
E00043,2024-08-01,3,3,1.153
E00043,2024-11-01,3,3,1.124
E00043,2025-02-01,3,3,0.896
E00044,2023-04-01,3,3,0.999
E00044,2024-06-01,3,3,1.026
E00044,2025-03-01,3,3,1.048
E00045,2019-03-01,2,2,1.066
E00045,2021-03-01,2,2,1.094
E00045,2022-03-01,2,2,0.905
E00046,2019-02-01,3,3,0.878
E00046,2022-12-01,3,2,0.75
E00046,2024-06-01,3,3,0.897
E00047,2021-10-01,3,3,1.168
E00047,2023-01-01,3,4,1.058
E00047,2024-02-01,3,3,0.829
E00048,2021-03-01,4,4,0.968
E00048,2022-02-01,4,4,1.056
E00049,2020-07-01,2,2,1.103
E00049,2024-04-01,2,2,0.932
E00049,2024-07-01,2,3,0.835
E00050,2022-03-01,2,2,0.906
E00050,2022-07-01,2,2,0.968
E00050,2022-11-01,2,2,0.953
E00050,2024-07-01,2,2,0.916
E00050,2024-10-01,1,1,1.012
E00051,2025-07-01,4,4,1.122
E00051,2025-11-01,4,4,1.02
E00052,2021-12-01,3,3,0.768
E00053,2025-03-01,3,3,1.071
E00053,2025-07-01,3,3,1.021
E00053,2025-09-01,3,3,1.04
E00053,2025-10-01,3,3,0.983
E00055,2025-08-01,3,3,1.122
E00055,2025-12-01,2,2,1.018
E00056,2023-08-01,3,3,0.926
E00056,2024-08-01,3,3,0.946
E00056,2024-09-01,3,3,1.064
E00056,2024-12-01,3,3,0.911
E00057,2021-08-01,3,3,0.857
E00057,2021-10-01,3,3,0.818
E00057,2023-07-01,2,2,1.038
E00057,2025-01-01,2,2,0.925
E00057,2025-11-01,2,2,1.077
E00058,2025-02-01,3,3,1.107
E00059,2021-06-01,3,3,1.052
E00059,2023-12-01,3,3,1.059
E00059,2025-09-01,3,3,1.215
E00060,2023-07-01,3,3,0.906
E00061,2024-04-01,3,3,1.01
E00061,2025-02-01,4,4,1.122
E00061,2025-04-01,5,5,1.015
E00061,2025-09-01,5,5,1.012
E00062,2020-03-01,4,4,0.982
E00062,2022-03-01,5,5,1.089
E00062,2023-01-01,5,5,1.065
E00062,2023-10-01,4,4,1.145
E00063,2025-11-01,4,4,1.042
E00064,2018-09-01,3,3,0.882
E00064,2022-06-01,3,2,1.072
E00064,2024-08-01,3,3,0.764
E00065,2020-11-01,3,3,0.931
E00065,2021-10-01,4,4,0.833
E00065,2023-01-01,4,4,1.092
E00065,2024-06-01,4,4,1.111
E00065,2024-11-01,4,4,1.095
E00066,2020-05-01,4,4,1.049
E00066,2021-02-01,4,4,1.039
E00066,2021-03-01,5,4,1.042
E00066,2021-12-01,5,5,0.985
E00066,2024-04-01,5,5,0.936
E00067,2025-10-01,3,3,1.135
E00067,2025-12-01,3,3,0.902
E00068,2024-01-01,3,3,1.017
E00068,2025-01-01,3,3,0.758
E00068,2025-03-01,3,3,0.996
E00068,2025-04-01,3,3,0.916
E00068,2025-05-01,3,3,1.004
E00069,2025-02-01,3,3,1.183
E00070,2021-09-01,2,2,0.964
E00070,2023-12-01,1,1,0.825
E00070,2024-06-01,1,1,0.757
E00070,2025-07-01,1,1,1.198
E00070,2025-09-01,2,2,0.738
E00071,2024-01-01,4,4,0.898
E00071,2025-09-01,4,4,1.113
E00071,2025-10-01,4,4,1.065
E00072,2022-04-01,3,3,0.918
E00072,2023-01-01,2,2,0.934
E00073,2024-11-01,2,2,1.019
E00074,2020-02-01,3,4,1.028
E00074,2020-09-01,3,3,0.935
E00074,2023-06-01,3,3,1.081
E00074,2024-03-01,3,3,1.052
E00075,2023-02-01,3,2,1.06
E00075,2023-06-01,3,3,0.823
E00075,2025-01-01,3,3,0.745
E00075,2025-03-01,3,3,0.852
E00075,2025-06-01,3,3,0.976
E00076,2024-05-01,2,2,0.82
E00076,2024-06-01,2,2,1.163
E00076,2025-08-01,3,3,0.938
E00076,2025-11-01,3,3,0.858
E00077,2021-10-01,4,4,0.903
E00077,2025-02-01,5,4,0.984
E00078,2023-04-01,4,3,0.838
E00078,2023-07-01,4,4,1.067
E00078,2024-03-01,4,4,0.961
E00078,2024-06-01,4,4,0.799
E00079,2025-08-01,3,3,0.785
E00080,2025-06-01,3,3,1.033
E00080,2025-08-01,4,4,1.05
E00080,2025-09-01,4,4,1.051
E00080,2025-10-01,4,4,0.816
E00081,2025-03-01,3,3,0.901
E00081,2025-11-01,2,2,0.887
E00082,2020-06-01,2,2,1.114
E00082,2022-07-01,2,2,0.92
E00083,2022-02-01,2,2,0.83
E00083,2023-02-01,2,2,0.849
E00083,2023-05-01,2,2,0.949
E00083,2025-10-01,2,2,1.194
E00084,2025-07-01,3,2,0.848
E00084,2025-10-01,2,2,1.154
E00085,2025-12-01,4,5,1.202
E00086,2023-07-01,3,3,1.167
E00086,2023-10-01,3,3,0.988
E00086,2025-10-01,3,3,1.07
E00086,2025-12-01,3,3,1.192
E00087,2023-07-01,2,2,0.99
E00087,2024-01-01,2,2,1.066
E00087,2024-03-01,2,2,1.024
E00088,2020-10-01,3,2,1.019
E00088,2021-09-01,3,3,0.933
E00088,2022-08-01,4,4,1.235
E00089,2024-08-01,2,2,1.046
E00090,2024-10-01,3,3,0.932
E00091,2020-11-01,4,4,1.039
E00092,2024-04-01,3,3,1.032
E00092,2024-05-01,2,2,0.918
E00093,2024-09-01,3,3,0.92
E00094,2024-03-01,2,2,1.025
E00095,2024-02-01,3,2,0.953
E00096,2023-08-01,2,1,0.84
E00097,2024-09-01,3,3,0.995
E00097,2025-07-01,3,3,0.984
E00097,2025-12-01,3,3,0.824
E00098,2023-08-01,4,4,1.017
E00098,2023-11-01,4,4,1.213
E00098,2025-04-01,4,4,0.927
E00099,2021-04-01,4,4,0.991
E00099,2023-08-01,4,4,0.985
E00100,2024-08-01,3,3,0.878
E00100,2025-02-01,3,3,0.825
E00100,2025-08-01,3,3,0.875
E00100,2025-10-01,3,3,0.92
E00101,2022-09-01,2,2,0.911
E00101,2023-07-01,1,1,1.135
E00101,2024-07-01,1,1,1.118
E00101,2025-07-01,1,1,1.086
E00102,2020-03-01,3,3,0.942
E00102,2021-03-01,3,3,0.857
E00102,2022-11-01,2,2,1.014
E00102,2024-09-01,3,3,1.161
E00102,2025-08-01,3,3,1.02
E00103,2020-06-01,3,3,0.874
E00103,2021-10-01,4,4,1.159
E00103,2022-08-01,4,5,0.923
E00103,2025-06-01,4,4,1.108
E00104,2023-05-01,3,3,0.959
E00104,2024-10-01,3,3,0.928
E00105,2021-12-01,3,3,0.695
E00105,2022-02-01,3,3,1.051
E00105,2022-06-01,2,2,0.797
E00105,2023-11-01,3,3,0.854
E00105,2023-12-01,3,3,0.912
E00106,2022-09-01,4,4,0.897
E00106,2022-12-01,5,5,1.137
E00106,2024-08-01,5,5,1.033
E00107,2020-10-01,3,3,0.948
E00107,2021-01-01,3,3,1.255
E00108,2022-02-01,3,3,1.062
E00108,2023-12-01,4,4,0.938
E00108,2024-02-01,4,4,1.003
E00109,2022-10-01,2,1,1.262
E00109,2023-08-01,2,2,1.173
E00109,2023-09-01,2,2,0.868
E00109,2024-10-01,2,2,1.037
E00109,2024-11-01,2,2,0.874
E00110,2022-03-01,3,3,1.073
E00110,2023-10-01,3,3,0.974
E00110,2023-12-01,3,3,1.073
E00110,2025-05-01,3,3,0.973
E00110,2025-10-01,4,4,1.012
E00111,2025-05-01,3,3,0.863
E00112,2025-12-01,3,4,0.877
E00113,2021-11-01,2,2,0.903
E00113,2024-08-01,2,2,0.924
E00114,2023-04-01,4,4,1.111
E00114,2024-06-01,3,3,1.062
E00114,2024-08-01,3,3,1.018
E00114,2024-11-01,2,2,0.804
E00115,2025-08-01,3,2,0.903
E00116,2021-06-01,2,3,1.026
E00116,2021-11-01,1,1,1.035
E00116,2022-01-01,1,1,1.083
E00116,2022-10-01,1,1,1.04
E00116,2022-11-01,1,1,0.983
E00117,2025-10-01,3,3,0.965
E00118,2022-01-01,4,4,1.165
E00118,2022-08-01,5,5,0.963
E00118,2022-09-01,5,5,0.846
E00119,2023-11-01,2,2,0.884
E00119,2024-06-01,2,2,1.031
E00119,2024-07-01,2,2,0.917
E00120,2021-10-01,4,4,1.061
E00120,2023-10-01,3,3,0.792
E00121,2024-03-01,3,3,0.987
E00121,2024-05-01,3,3,1.061
E00121,2024-08-01,3,3,0.836
E00122,2022-07-01,3,2,0.987
E00122,2023-04-01,2,2,0.775
E00122,2024-09-01,2,2,0.815
E00122,2024-11-01,2,2,0.948
E00122,2025-12-01,2,2,0.931
E00123,2023-06-01,3,3,0.934
E00123,2024-01-01,3,3,1.073
E00123,2024-04-01,3,3,1.011
E00124,2025-07-01,4,4,1.029
E00124,2025-11-01,4,4,0.932
E00124,2025-12-01,3,3,1.194
E00125,2022-04-01,4,4,1.122
E00125,2023-07-01,4,4,1.152
E00125,2025-04-01,4,4,1.016
E00126,2023-03-01,3,3,1.106
E00126,2023-04-01,4,4,0.846
E00126,2024-11-01,4,4,1.015
E00127,2021-07-01,4,4,0.748
E00127,2022-12-01,4,4,1.045
E00127,2024-09-01,4,4,0.937
E00128,2025-11-01,4,3,1.098
E00129,2024-07-01,2,2,0.923
E00130,2024-04-01,2,2,1.02
E00131,2024-05-01,4,4,0.946
E00131,2024-08-01,4,4,0.973
E00131,2025-07-01,4,4,1.023
E00132,2019-11-01,3,3,1.229
E00132,2020-07-01,3,3,0.799
E00132,2021-04-01,3,3,0.964
E00132,2022-07-01,3,3,0.976
E00132,2022-10-01,3,3,0.849
E00133,2024-03-01,3,3,0.922
E00133,2024-04-01,3,3,0.887
E00133,2025-02-01,3,3,0.94
E00134,2025-06-01,4,4,1.017
E00134,2025-07-01,4,4,0.92
E00134,2025-08-01,4,4,1.004
E00134,2025-09-01,3,3,1.237
E00134,2025-10-01,3,2,1.004
E00135,2025-05-01,4,4,0.944
E00135,2025-12-01,4,3,0.884
E00136,2022-04-01,3,3,0.83
E00136,2023-02-01,3,3,1.012
E00136,2024-08-01,4,4,0.91
E00137,2018-04-01,3,3,0.864
E00137,2020-06-01,3,4,0.982
E00137,2021-02-01,3,3,1.174
E00137,2024-12-01,3,3,1.02
E00138,2024-12-01,4,4,1.115
E00138,2025-04-01,4,4,0.786
E00138,2025-11-01,4,4,1.02
E00139,2020-07-01,3,3,0.853
E00139,2020-11-01,3,3,0.959
E00140,2021-06-01,4,4,0.945
E00140,2023-07-01,4,4,0.845
E00140,2025-03-01,4,4,0.955
E00140,2025-07-01,4,4,0.978
E00141,2022-03-01,3,3,1.069
E00141,2022-06-01,2,3,1.172
E00141,2024-05-01,2,2,1.041
E00142,2025-05-01,4,3,0.935
E00142,2025-06-01,4,4,0.857
E00142,2025-07-01,4,4,0.991
E00143,2018-12-01,2,2,0.895
E00143,2020-11-01,2,3,0.975
E00143,2020-12-01,2,2,0.944
E00143,2021-05-01,3,4,0.921
E00144,2025-05-01,4,4,1.064
E00145,2023-03-01,4,4,0.839
E00145,2023-04-01,4,4,0.924
E00145,2025-05-01,4,4,0.811
E00146,2020-01-01,4,3,0.957
E00146,2020-12-01,3,3,1.006
E00146,2024-05-01,4,4,1.156
E00147,2024-10-01,2,2,0.961
E00147,2025-01-01,3,4,1.108
E00148,2024-11-01,2,2,1.076
E00148,2025-01-01,2,2,1.035
E00148,2025-04-01,2,2,0.925
E00149,2022-05-01,4,4,0.852
E00149,2023-11-01,4,4,0.959
E00149,2023-12-01,4,4,0.901
E00149,2025-11-01,3,3,0.808
E00150,2025-05-01,4,4,1.012
E00150,2025-07-01,4,4,1.127
E00150,2025-09-01,4,5,1.054
E00151,2023-02-01,2,2,0.827
E00151,2025-06-01,2,2,1.111
E00151,2025-10-01,2,2,1.024
E00152,2025-01-01,3,3,0.74
E00152,2025-08-01,3,3,1.021
E00152,2025-10-01,2,2,0.848
E00153,2025-06-01,3,3,0.963
E00153,2025-08-01,3,3,0.809
E00154,2022-06-01,3,3,0.887
E00154,2022-12-01,3,3,0.986
E00154,2023-06-01,3,3,0.77
E00154,2023-08-01,3,3,0.658
E00155,2022-11-01,3,3,0.642
E00155,2024-05-01,2,2,0.975
E00156,2019-06-01,3,3,1.092
E00156,2021-07-01,3,3,1.117
E00156,2022-05-01,3,3,1.007
E00156,2024-07-01,2,2,1.202
E00156,2024-12-01,2,2,1.006
E00157,2022-08-01,3,2,0.951
E00157,2023-02-01,3,3,0.905
E00157,2024-04-01,4,4,0.995
E00157,2025-06-01,4,4,1.087
E00157,2025-12-01,4,4,1.043
E00158,2022-01-01,3,3,0.961
E00159,2024-12-01,3,3,0.831
E00160,2025-06-01,3,3,0.949
E00160,2025-07-01,3,2,0.991
E00160,2025-09-01,3,3,0.669
E00160,2025-12-01,3,3,0.954
E00161,2020-07-01,3,3,1.17
E00161,2022-05-01,3,4,0.976
E00161,2023-10-01,3,3,0.836
E00161,2024-07-01,4,4,1.109
E00162,2022-05-01,4,5,0.988
E00162,2022-07-01,5,5,0.945
E00162,2023-03-01,5,5,0.941
E00162,2024-04-01,5,5,1.021
E00162,2025-03-01,5,5,1.029
E00163,2019-05-01,2,2,1.115
E00163,2021-01-01,2,2,0.86
E00164,2019-08-01,4,4,1.035
E00164,2020-05-01,4,4,1.033
E00164,2025-07-01,4,3,0.926
E00165,2025-06-01,3,3,0.934
E00166,2025-06-01,4,4,0.914
E00166,2025-08-01,4,4,1.072
E00166,2025-09-01,4,4,1.019
E00166,2025-10-01,4,4,1.107
E00167,2024-11-01,2,2,1.193
E00167,2025-01-01,2,2,0.873
E00168,2023-06-01,2,2,1.045
E00169,2023-11-01,3,3,0.861
E00170,2020-12-01,4,4,0.936
E00170,2021-02-01,4,4,1.087
E00171,2021-12-01,2,3,0.991
E00171,2023-08-01,2,2,0.998
E00172,2025-07-01,3,3,1.001
E00172,2025-10-01,3,3,1.023
E00172,2025-12-01,3,3,0.911
E00173,2021-11-01,3,3,0.957
E00173,2022-06-01,3,3,0.98
E00173,2023-05-01,2,2,0.974
E00173,2023-12-01,2,2,1.013
E00173,2024-11-01,2,2,0.797
E00174,2024-03-01,3,3,0.893
E00175,2022-06-01,3,2,0.833
E00176,2023-10-01,3,3,1.133
E00177,2018-10-01,4,4,0.923
E00177,2020-11-01,5,5,0.843
E00177,2025-12-01,4,4,1.019
E00178,2025-07-01,3,3,0.904
E00178,2025-09-01,3,3,0.705
E00178,2025-11-01,2,2,0.855
E00178,2025-12-01,2,2,1.044
E00179,2024-10-01,3,2,0.685
E00179,2025-10-01,3,3,0.953
E00179,2025-11-01,3,3,0.89
E00179,2025-12-01,3,3,0.908
E00180,2022-11-01,4,4,1.026
E00181,2023-05-01,3,3,0.99
E00182,2023-11-01,2,2,1.058
E00182,2024-06-01,2,2,1.211
E00183,2023-02-01,3,3,1.113
E00183,2023-07-01,2,1,0.943
E00183,2024-03-01,2,2,0.916
E00183,2024-07-01,1,1,1.142
E00183,2025-05-01,1,1,1.052
E00184,2022-04-01,3,3,0.825
E00184,2023-01-01,3,3,1.046
E00185,2020-08-01,4,4,1.219
E00185,2023-07-01,4,4,0.96
E00186,2023-01-01,3,3,0.939
E00186,2023-05-01,4,4,0.703
E00186,2025-06-01,3,3,0.998
E00186,2025-12-01,3,3,0.948
E00187,2023-12-01,2,2,0.984
E00187,2024-03-01,2,2,1.132
E00187,2024-08-01,2,2,1.046
E00187,2025-03-01,2,2,0.982
E00187,2025-05-01,1,1,0.893
E00188,2019-05-01,3,3,0.976
E00188,2020-08-01,2,2,1.206
E00188,2021-07-01,2,2,0.888
E00189,2019-07-01,3,3,1.205
E00189,2022-10-01,3,3,1.05
E00190,2023-09-01,4,4,0.904
E00190,2023-12-01,4,4,0.878
E00190,2024-02-01,3,2,0.97
E00190,2025-07-01,3,3,0.987
E00190,2025-09-01,3,3,1.046
E00191,2022-04-01,3,3,0.889
E00191,2024-08-01,3,3,0.993
E00191,2025-12-01,3,3,1.114
E00192,2024-04-01,3,3,0.937
E00192,2024-12-01,3,3,0.891
E00192,2025-02-01,3,3,0.954
E00192,2025-05-01,3,3,1.104
E00192,2025-09-01,4,4,1.064
E00193,2023-08-01,3,3,1.03
E00193,2024-11-01,3,3,0.901
E00194,2025-03-01,3,4,0.929
E00194,2025-09-01,3,3,0.969
E00195,2024-06-01,4,4,0.647
E00196,2022-12-01,3,3,0.844
E00196,2024-02-01,3,3,0.882
E00197,2025-12-01,2,2,1.016
E00198,2019-03-01,3,3,1.044
E00198,2020-12-01,3,3,1.064
E00198,2023-06-01,3,3,0.952
E00198,2025-11-01,3,3,0.773
E00199,2023-02-01,3,3,0.919
E00199,2023-06-01,3,3,1.02
E00199,2023-07-01,3,3,1.085
E00199,2024-03-01,3,3,0.842
E00199,2024-07-01,3,3,1.094
E00200,2023-12-01,3,3,0.744
E00200,2024-11-01,3,3,1.163
E00201,2022-01-01,4,4,0.922
E00202,2019-01-01,4,4,1.114
E00202,2019-12-01,5,5,1.132
E00202,2020-04-01,5,5,0.939
E00202,2022-03-01,4,4,1.02
E00203,2022-11-01,3,3,0.964
E00204,2022-01-01,4,4,0.982
E00204,2023-05-01,4,4,1.025
E00204,2024-06-01,4,4,1.114
E00204,2025-07-01,4,4,1.016
E00205,2024-11-01,2,2,0.953
E00205,2025-05-01,2,2,0.941
E00206,2025-03-01,3,3,0.78
E00206,2025-05-01,3,3,1.07
E00207,2021-09-01,3,3,1.176
E00207,2024-06-01,4,4,0.897
E00207,2025-07-01,5,5,1.009
E00208,2021-12-01,3,3,1.044
E00209,2023-03-01,3,3,0.949
E00209,2023-07-01,3,3,1.016
E00209,2024-04-01,3,3,0.933
E00209,2025-09-01,4,4,0.878
E00210,2021-01-01,4,4,0.94
E00210,2021-04-01,5,5,1.012
E00211,2023-08-01,3,3,1.193
E00211,2023-09-01,3,3,1.012
E00211,2024-03-01,3,3,0.693
E00211,2024-11-01,3,3,1.047
E00212,2025-03-01,4,4,1.076
E00212,2025-11-01,4,4,0.971
E00213,2021-09-01,3,3,1.075
E00213,2021-11-01,3,3,1.021
E00213,2022-11-01,3,3,0.901
E00213,2024-02-01,3,3,0.981
E00213,2024-08-01,3,3,0.977
E00214,2024-12-01,2,2,0.972
E00214,2025-01-01,1,1,0.848
E00215,2022-10-01,4,4,0.824
E00215,2023-02-01,4,4,1.042
E00215,2023-04-01,5,5,0.778
E00216,2023-01-01,3,3,0.776
E00216,2023-04-01,3,3,0.886
E00216,2023-07-01,3,3,0.921
E00216,2024-01-01,3,3,0.938
E00216,2024-04-01,3,3,0.993
E00217,2024-12-01,2,2,0.923
E00217,2025-09-01,1,1,0.94
E00218,2024-04-01,3,3,1.003
E00218,2025-04-01,4,4,0.81
E00218,2025-07-01,4,4,0.882
E00218,2025-09-01,4,4,1.126
E00219,2024-12-01,3,3,1.032
E00219,2025-05-01,3,2,0.955
E00219,2025-07-01,3,3,0.905
E00219,2025-08-01,3,4,0.856
E00219,2025-09-01,3,3,1.268
E00220,2025-12-01,3,3,1.062
E00221,2019-09-01,3,3,0.971
E00221,2019-10-01,3,2,0.765
E00221,2020-03-01,3,3,0.98
E00221,2021-01-01,3,3,1.134
E00221,2024-08-01,3,3,0.962
E00222,2024-07-01,2,3,0.925
E00223,2025-06-01,3,4,1.069
E00224,2022-02-01,3,3,0.912
E00225,2018-10-01,3,3,1.11
E00225,2019-04-01,3,3,0.955
E00225,2021-05-01,3,3,0.94
E00226,2023-01-01,3,2,0.752
E00226,2024-06-01,3,3,0.827
E00226,2024-12-01,3,2,0.874
E00226,2025-11-01,3,3,1.196
E00227,2024-10-01,3,3,1.029
E00228,2023-12-01,2,2,1.006
E00228,2024-02-01,2,2,1.159
E00228,2024-09-01,2,3,0.933
E00228,2025-01-01,2,2,1.07
E00229,2025-12-01,3,3,1.169
E00230,2023-04-01,3,3,0.789
E00230,2023-07-01,3,3,1.045
E00230,2024-05-01,3,3,0.967
E00230,2025-03-01,2,2,1.028
E00231,2024-02-01,3,3,1.266
E00231,2024-12-01,3,3,1.099
E00232,2025-01-01,2,2,0.8
E00232,2025-02-01,2,2,1.048
E00232,2025-08-01,2,2,1.192
E00233,2023-11-01,4,5,0.885
E00233,2025-06-01,4,4,1.147
E00234,2024-10-01,4,4,0.909
E00235,2025-02-01,3,3,0.945
E00235,2025-05-01,3,3,1.032
E00235,2025-09-01,4,4,0.845
E00236,2025-07-01,2,2,0.868
E00236,2025-11-01,2,2,1.065
E00237,2020-03-01,2,2,1.026
E00237,2020-11-01,2,3,1.032
E00237,2022-08-01,2,2,0.994
E00237,2022-09-01,1,1,1.064
E00238,2024-10-01,3,3,0.99
E00238,2025-10-01,4,4,0.92
E00238,2025-12-01,4,5,1.145
E00239,2022-12-01,2,2,1.337
E00239,2023-09-01,2,2,0.862
E00239,2024-09-01,2,2,0.773
E00239,2025-11-01,2,2,0.811
E00240,2022-01-01,3,3,0.979
E00240,2022-06-01,3,4,0.954
E00240,2022-10-01,2,2,0.919
E00241,2024-07-01,4,4,1.124
E00241,2025-08-01,3,3,1.097
E00241,2025-12-01,4,4,0.883
E00242,2025-08-01,3,3,1.019
E00242,2025-10-01,3,3,0.835
E00243,2022-11-01,4,4,1.112
E00243,2023-10-01,4,4,1.006
E00244,2019-07-01,4,4,0.768
E00244,2019-09-01,4,4,0.929
E00244,2019-10-01,4,4,1.023
E00244,2022-04-01,4,4,1.042
E00245,2023-10-01,4,4,0.929
E00245,2025-07-01,4,4,0.768
E00246,2022-06-01,4,4,1.096
E00246,2022-11-01,4,4,0.957
E00247,2020-06-01,3,3,0.847
E00247,2020-09-01,3,3,0.931
E00247,2020-11-01,3,3,0.891
E00247,2021-02-01,3,3,0.866
E00247,2022-11-01,3,3,0.966
E00248,2020-09-01,3,3,1.113
E00248,2021-09-01,3,3,1.21
E00248,2023-07-01,3,3,0.938
E00248,2024-07-01,3,3,0.943
E00249,2021-04-01,4,4,1.122
E00250,2025-01-01,4,3,1.091
E00250,2025-11-01,4,4,1.167
E00251,2023-05-01,2,2,1.02
E00251,2023-09-01,2,2,0.984
E00251,2024-04-01,3,3,1.024
E00252,2019-08-01,2,2,0.734
E00252,2020-11-01,2,2,0.882
E00252,2022-01-01,2,1,0.814
E00253,2025-11-01,3,3,0.993
E00254,2022-06-01,4,4,1.005
E00254,2023-10-01,4,4,0.63
E00255,2021-06-01,3,4,1.029
E00255,2022-03-01,3,3,0.856
E00255,2025-01-01,3,3,0.868
E00255,2025-04-01,3,3,1.048
E00256,2021-02-01,3,3,0.971
E00256,2022-02-01,3,4,1.002
E00257,2025-12-01,4,4,1.201
E00258,2025-12-01,3,3,1.067
E00259,2022-11-01,3,3,0.987
E00260,2025-09-01,3,4,0.921
E00260,2025-11-01,2,2,0.973
E00260,2025-12-01,2,2,0.856
E00261,2021-01-01,3,3,0.86
E00261,2022-05-01,3,3,1.177
E00261,2023-04-01,3,3,0.738
E00261,2024-06-01,3,3,1.093
E00261,2025-10-01,3,3,0.985
E00262,2022-12-01,3,2,0.893
E00263,2020-09-01,3,3,1.041
E00263,2020-10-01,4,4,0.863
E00263,2022-10-01,3,3,0.832
E00263,2023-07-01,3,3,0.939
E00263,2024-04-01,3,4,1.025
E00264,2019-09-01,4,4,1.032
E00264,2021-10-01,4,4,1.009
E00264,2023-05-01,4,3,0.92
E00264,2024-08-01,4,4,1.002
E00265,2025-06-01,4,4,1.225
E00265,2025-08-01,4,4,1.033
E00266,2020-11-01,3,3,0.912
E00266,2020-12-01,3,3,0.999
E00266,2021-04-01,3,3,1.038
E00266,2023-02-01,3,3,1.011
E00267,2022-10-01,3,3,1.05
E00268,2019-11-01,3,3,0.901
E00269,2025-07-01,3,3,0.942
E00269,2025-11-01,3,3,0.975
E00270,2019-09-01,3,3,0.91
E00270,2021-04-01,3,3,1.05
E00270,2023-03-01,3,2,1.057
E00271,2024-04-01,3,3,0.854
E00271,2025-04-01,3,2,1.221
E00272,2025-11-01,2,2,1.071
E00273,2022-09-01,4,4,1.124
E00273,2023-11-01,4,4,1.037
E00274,2024-11-01,3,3,1.127
E00274,2025-09-01,3,3,0.812
E00274,2025-10-01,3,3,0.873
E00274,2025-11-01,4,4,0.766
E00275,2024-11-01,4,5,0.924
E00275,2025-05-01,4,4,0.907
E00276,2025-05-01,3,2,1.08
E00276,2025-06-01,3,3,0.879
E00277,2024-04-01,3,3,1.053
E00277,2024-11-01,3,3,0.965
E00277,2025-08-01,3,4,1.018
E00278,2022-07-01,3,3,1.011
E00278,2025-03-01,3,3,1.13
E00279,2025-09-01,4,4,1.08
E00280,2024-08-01,1,1,0.751
E00280,2025-05-01,2,2,1.012
E00281,2022-06-01,3,4,1.115
E00281,2024-07-01,3,3,0.963
E00281,2024-08-01,3,3,0.937
E00282,2025-04-01,3,3,0.961
E00282,2025-10-01,3,3,0.994
E00283,2025-04-01,4,4,0.879
E00283,2025-06-01,5,5,1.006
E00283,2025-08-01,5,4,1.123
E00283,2025-09-01,5,5,0.732
E00283,2025-12-01,5,5,0.792
E00284,2022-11-01,2,2,0.956
E00284,2024-04-01,3,3,0.904
E00284,2025-06-01,3,2,0.987
E00285,2022-10-01,3,4,1.171
E00285,2023-04-01,3,3,0.917
E00286,2024-03-01,3,3,0.985
E00287,2025-02-01,2,2,1.066
E00287,2025-06-01,2,2,1.217
E00287,2025-07-01,3,3,0.847
E00287,2025-10-01,3,3,1.034
E00288,2023-05-01,3,3,0.985
E00288,2024-05-01,3,3,0.858
E00288,2024-06-01,3,3,0.98
E00288,2024-09-01,4,4,0.922
E00288,2025-01-01,4,4,0.931
E00289,2023-01-01,3,3,0.891
E00289,2024-11-01,3,3,1.13
E00290,2021-09-01,3,3,1.001
E00290,2022-07-01,3,3,0.928
E00290,2022-12-01,3,3,1.035
E00290,2025-03-01,2,3,1.104
E00291,2021-09-01,3,3,0.89
E00291,2022-05-01,3,3,1.158
E00291,2023-04-01,2,2,0.903
E00291,2023-12-01,2,3,0.853
E00292,2019-09-01,2,2,1.275
E00293,2022-10-01,3,3,1.188
E00293,2023-10-01,4,3,1.015
E00293,2024-08-01,5,5,0.906
E00293,2025-04-01,5,5,0.926
E00293,2025-09-01,5,5,0.902
E00294,2022-12-01,3,3,1.105
E00294,2023-03-01,3,3,0.841
E00294,2023-10-01,3,3,0.776
E00294,2024-05-01,2,2,1.043
E00294,2025-03-01,2,2,0.729
E00295,2025-05-01,2,2,0.962
E00295,2025-07-01,2,2,0.959
E00295,2025-10-01,2,3,0.919
E00296,2025-09-01,4,4,1.021
E00297,2022-08-01,2,2,1.021
E00297,2025-08-01,3,3,0.959
E00298,2025-07-01,3,3,0.926
E00299,2024-06-01,2,2,0.941
E00299,2025-07-01,2,2,1.073
E00300,2023-08-01,2,2,0.958
E00300,2024-05-01,2,2,0.83
E00300,2024-06-01,2,2,1.158
E00300,2024-09-01,3,3,0.863
E00301,2023-08-01,3,4,1.117
E00301,2024-12-01,3,3,0.991
E00301,2025-02-01,3,3,1.032
E00301,2025-12-01,3,3,1.222
E00302,2020-08-01,3,3,0.919
E00302,2022-05-01,3,3,1.016
E00302,2023-01-01,3,3,0.973
E00302,2024-12-01,2,3,0.774
E00302,2025-04-01,2,2,0.961
E00303,2023-11-01,2,2,1.119
E00303,2024-03-01,2,2,1.171
E00303,2024-10-01,2,2,0.997
E00303,2025-02-01,2,2,1.048
E00304,2019-08-01,2,2,1.051
E00304,2022-12-01,2,1,0.825
E00304,2023-09-01,2,2,0.993
E00304,2025-03-01,3,3,0.93
E00304,2025-06-01,4,4,0.998
E00305,2023-08-01,2,2,1.107
E00305,2025-10-01,2,2,0.909
E00305,2025-12-01,2,2,0.984
E00306,2025-02-01,3,3,1.0
E00306,2025-06-01,3,3,1.015
E00306,2025-09-01,3,3,1.078
E00307,2025-06-01,3,3,1.124
E00308,2024-12-01,4,4,1.039
E00309,2021-05-01,3,3,1.174
E00309,2021-07-01,3,3,0.946
E00309,2022-01-01,3,3,1.137
E00309,2022-10-01,3,3,0.977
E00309,2023-04-01,3,3,0.71
E00310,2023-10-01,2,2,1.184
E00310,2023-11-01,2,2,1.179
E00310,2024-01-01,2,2,0.879
E00310,2024-04-01,2,2,1.098
E00310,2025-10-01,2,2,1.171
E00311,2021-04-01,3,4,0.884
E00311,2022-04-01,3,3,0.871
E00311,2022-12-01,3,3,1.157
E00312,2023-11-01,4,4,1.073
E00312,2024-06-01,4,4,1.075
E00312,2024-08-01,4,4,0.927
E00312,2024-11-01,4,4,0.725
E00312,2025-08-01,4,4,0.836
E00313,2021-08-01,2,2,0.688
E00314,2021-06-01,3,3,1.007
E00314,2022-05-01,3,3,1.039
E00315,2021-05-01,3,3,0.942
E00315,2024-01-01,3,3,1.019
E00316,2022-09-01,3,3,1.01
E00316,2023-09-01,3,3,0.968
E00317,2019-12-01,2,3,1.113
E00317,2020-05-01,2,2,1.044
E00317,2022-01-01,2,2,0.995
E00317,2023-04-01,2,1,0.885
E00317,2025-07-01,2,2,0.956
E00318,2020-11-01,3,3,0.79
E00318,2022-08-01,4,4,1.172
E00318,2025-06-01,4,4,0.854
E00319,2025-04-01,3,3,1.048
E00319,2025-08-01,3,3,1.2
E00319,2025-11-01,3,3,0.858
E00319,2025-12-01,3,3,0.891
E00320,2025-07-01,3,3,1.166
E00320,2025-09-01,4,4,0.952
E00320,2025-11-01,3,3,1.014
E00321,2025-01-01,3,3,0.997
E00321,2025-07-01,3,3,1.232
E00322,2023-01-01,3,3,0.812
E00323,2019-02-01,3,3,1.073
E00323,2019-04-01,3,3,1.034
E00323,2019-10-01,3,3,0.973
E00323,2025-06-01,2,2,0.997
E00324,2024-04-01,2,2,0.838
E00324,2024-06-01,2,1,0.747
E00324,2024-07-01,2,2,1.221
E00324,2025-01-01,3,3,1.082
E00325,2023-09-01,4,4,0.841
E00326,2025-03-01,3,3,0.972
E00327,2021-12-01,4,4,1.149
E00327,2022-01-01,3,3,1.019
E00327,2022-07-01,3,3,0.996
E00327,2023-02-01,4,4,1.126
E00328,2021-04-01,1,1,0.821
E00328,2022-10-01,1,1,1.037
E00328,2023-04-01,1,1,1.028
E00329,2024-04-01,4,4,0.861
E00330,2025-07-01,5,5,1.081
E00331,2024-10-01,4,4,1.055
E00331,2025-03-01,3,3,0.858
E00332,2022-04-01,3,3,1.012
E00333,2020-11-01,4,4,0.945
E00333,2021-02-01,4,4,1.104
E00333,2021-04-01,4,4,0.843
E00333,2021-05-01,3,3,0.96
E00333,2024-10-01,3,3,0.816
E00334,2021-09-01,4,4,0.995
E00334,2021-12-01,4,4,0.89
E00334,2023-01-01,4,4,0.994
E00335,2025-09-01,3,3,0.882
E00336,2024-01-01,3,3,0.945
E00336,2024-12-01,3,3,1.044
E00336,2025-01-01,3,3,0.865
E00336,2025-03-01,4,4,0.848
E00336,2025-08-01,5,5,1.066
E00337,2024-04-01,3,3,1.107
E00338,2024-05-01,4,4,0.997
E00339,2024-08-01,3,3,1.008
E00339,2024-09-01,3,3,0.978
E00339,2025-01-01,3,2,1.102
E00339,2025-06-01,3,3,1.043
E00340,2023-01-01,3,3,1.104
E00341,2023-07-01,2,2,0.824
E00341,2024-07-01,3,3,1.044
E00341,2024-09-01,2,2,0.536
E00341,2025-09-01,2,2,1.11
E00342,2020-01-01,3,3,0.923
E00343,2020-07-01,4,4,1.209
E00343,2021-01-01,4,4,1.088
E00343,2021-11-01,4,4,1.211
E00344,2023-12-01,4,4,1.017
E00344,2024-02-01,4,4,0.947
E00344,2024-07-01,4,4,1.114
E00344,2025-02-01,4,4,0.866
E00345,2023-08-01,3,3,0.76
E00345,2024-03-01,3,4,0.982
E00346,2023-06-01,3,3,0.997
E00346,2025-03-01,3,3,0.942
E00346,2025-07-01,2,3,0.947
E00346,2025-08-01,2,2,1.097
E00346,2025-12-01,2,2,1.139
E00347,2022-01-01,3,3,1.075
E00347,2023-03-01,3,3,0.571
E00347,2023-08-01,3,3,1.093
E00347,2025-01-01,4,4,1.286
E00347,2025-09-01,4,4,1.126
E00348,2019-02-01,3,3,0.828
E00348,2020-12-01,3,3,0.83
E00348,2022-07-01,3,3,1.072
E00348,2023-10-01,3,3,1.071
E00348,2024-05-01,3,3,1.105
E00349,2024-05-01,4,3,1.016
E00349,2024-10-01,5,5,1.078
E00349,2025-01-01,5,4,1.014
E00349,2025-07-01,5,5,1.051
E00349,2025-12-01,5,5,1.115
E00350,2024-06-01,4,4,0.884
E00350,2024-11-01,4,4,0.901
E00351,2024-08-01,3,3,0.973
E00351,2025-06-01,3,3,0.957
E00352,2025-07-01,2,2,0.949
E00352,2025-09-01,3,3,0.789
E00353,2023-08-01,3,3,0.912
E00353,2024-06-01,3,3,1.056
E00353,2024-08-01,3,3,0.906
E00353,2024-12-01,3,3,1.035
E00353,2025-08-01,3,3,0.855
E00354,2025-02-01,3,3,0.851
E00355,2021-12-01,3,3,1.01
E00355,2022-11-01,3,3,0.944
E00356,2025-01-01,3,3,1.0
E00356,2025-02-01,3,3,0.914
E00356,2025-07-01,3,2,0.888
E00357,2025-08-01,3,3,0.97
E00358,2024-10-01,3,3,0.977
E00358,2024-11-01,3,3,0.907
E00358,2025-09-01,3,3,1.004
E00359,2024-05-01,3,3,1.009
E00359,2024-07-01,3,3,0.911
E00359,2024-09-01,4,4,0.938
E00360,2024-09-01,3,3,0.888
E00361,2024-11-01,3,3,0.955
E00361,2024-12-01,3,3,0.739
E00361,2025-03-01,4,4,0.832
E00361,2025-08-01,4,4,1.105
E00362,2024-11-01,4,4,0.982
E00362,2025-04-01,4,4,1.057
E00362,2025-06-01,4,3,0.93
E00362,2025-11-01,4,4,0.951
E00362,2025-12-01,4,4,1.068
E00363,2025-03-01,3,3,0.997
E00363,2025-04-01,3,3,1.118
E00364,2024-05-01,3,3,1.035
E00364,2025-03-01,3,3,0.961
E00365,2025-04-01,5,5,0.991
E00365,2025-05-01,5,5,0.962
E00365,2025-09-01,5,5,1.084
E00365,2025-10-01,5,5,1.014
E00366,2021-09-01,3,3,0.818
E00367,2020-03-01,3,3,1.023
E00367,2023-02-01,3,3,1.158
E00368,2020-11-01,3,3,0.915
E00368,2022-05-01,3,2,0.773
E00368,2024-04-01,3,3,0.892
E00368,2024-05-01,3,3,1.147
E00369,2021-03-01,3,3,1.067
E00369,2021-09-01,2,2,1.184
E00369,2022-10-01,2,2,1.018
E00369,2023-04-01,2,2,1.105
E00369,2025-07-01,1,1,1.011
E00370,2021-10-01,4,4,0.915
E00370,2022-03-01,4,4,0.974
E00370,2022-07-01,4,4,1.013
E00371,2019-08-01,3,3,0.863
E00371,2020-06-01,3,3,1.077
E00371,2024-07-01,3,3,1.162
E00372,2020-10-01,3,3,0.877
E00372,2022-01-01,3,3,0.926
E00372,2024-05-01,2,2,1.013
E00373,2024-05-01,2,2,0.77
E00374,2024-05-01,4,4,0.912
E00374,2025-05-01,4,4,0.992
E00374,2025-08-01,4,4,1.156
E00375,2020-11-01,3,4,1.214
E00375,2021-03-01,3,3,1.012
E00375,2021-07-01,4,4,0.708
E00375,2022-12-01,4,4,0.988
E00375,2024-04-01,4,4,0.827
E00376,2025-06-01,4,4,0.998
E00376,2025-08-01,4,4,1.085
E00376,2025-09-01,4,4,0.96
E00376,2025-10-01,4,4,1.06
E00376,2025-12-01,3,3,1.13
E00377,2020-07-01,3,3,1.077
E00378,2025-07-01,3,3,0.921
E00378,2025-08-01,3,3,0.874
E00379,2024-09-01,3,3,1.045
E00380,2020-10-01,4,4,0.832
E00380,2021-03-01,4,4,1.17
E00380,2021-05-01,5,5,1.072
E00380,2021-07-01,5,5,1.005
E00381,2018-12-01,3,3,0.884
E00381,2019-01-01,4,4,0.944
E00381,2019-02-01,4,4,0.949
E00381,2019-06-01,4,3,0.968
E00381,2019-07-01,4,4,1.154
E00382,2022-02-01,4,4,0.991
E00382,2022-04-01,3,3,0.977
E00382,2023-12-01,3,3,1.001
E00382,2024-10-01,3,4,1.149
E00382,2025-12-01,3,3,1.172
E00383,2022-09-01,3,3,0.82
E00383,2023-08-01,4,4,1.083
E00383,2024-01-01,4,4,1.037
E00384,2020-10-01,4,4,0.93
E00384,2023-10-01,5,5,0.963
E00384,2024-03-01,4,4,0.937
E00385,2020-11-01,3,3,0.818
E00385,2021-09-01,3,3,1.032
E00385,2021-10-01,3,3,0.938
E00386,2025-03-01,2,2,0.867
E00387,2023-07-01,2,2,1.05
E00388,2021-10-01,3,2,1.02
E00388,2022-07-01,3,4,0.807
E00388,2024-05-01,4,4,0.944
E00388,2025-06-01,4,4,0.832
E00389,2018-09-01,3,3,1.043
E00389,2020-11-01,3,4,0.98
E00389,2022-12-01,2,2,0.788
E00389,2024-09-01,2,2,0.718
E00389,2025-05-01,1,2,0.887
E00390,2022-05-01,3,3,0.963
E00390,2023-11-01,3,3,0.943
E00390,2024-03-01,2,2,0.881
E00390,2024-08-01,2,2,0.691
E00391,2020-08-01,3,2,1.119
E00392,2023-11-01,3,3,1.042
E00392,2024-02-01,3,3,0.965
E00392,2025-07-01,4,4,1.059
E00392,2025-10-01,4,4,1.023
E00393,2025-08-01,4,4,0.71
E00394,2024-11-01,3,3,1.001
E00394,2025-02-01,3,3,1.026
E00394,2025-10-01,3,3,1.126
E00394,2025-11-01,3,3,1.043
E00395,2025-09-01,4,4,0.959
E00395,2025-12-01,4,4,1.048
E00396,2023-02-01,3,3,0.918
E00396,2023-03-01,3,3,0.892
E00396,2023-08-01,3,3,0.896
E00396,2024-02-01,3,3,0.702
E00396,2024-04-01,4,4,1.203
E00397,2024-05-01,3,3,0.871
E00397,2024-07-01,3,3,0.992
E00397,2024-12-01,3,4,0.932
E00397,2025-02-01,2,2,0.704
E00398,2022-10-01,3,3,0.814
E00398,2024-01-01,3,3,0.877
E00398,2025-03-01,3,3,0.862
E00399,2023-02-01,3,3,1.12
E00399,2023-09-01,3,3,1.023
E00399,2023-10-01,3,3,0.846
E00400,2022-10-01,3,4,1.222
E00400,2023-02-01,4,4,1.055
E00401,2021-03-01,4,4,1.023
E00402,2020-03-01,3,3,0.971
E00402,2021-08-01,3,3,1.022
E00402,2024-02-01,4,4,0.889
E00402,2025-02-01,4,4,1.011
E00403,2023-11-01,3,3,0.813
E00403,2024-10-01,3,3,1.239
E00403,2025-06-01,3,3,0.915
E00404,2023-09-01,2,2,0.877
E00404,2024-05-01,2,2,1.0
E00404,2024-09-01,2,2,0.955
E00405,2022-07-01,3,3,1.035
E00405,2023-09-01,3,3,0.943
E00405,2024-03-01,3,3,0.976
E00406,2019-05-01,4,4,0.959
E00407,2022-05-01,3,3,1.158
E00407,2022-11-01,2,2,0.944
E00407,2024-08-01,2,2,1.13
E00407,2025-09-01,2,3,0.992
E00408,2024-12-01,3,3,0.792
E00408,2025-09-01,2,2,1.024
E00408,2025-10-01,2,2,0.895
E00409,2023-01-01,2,2,1.063
E00409,2023-05-01,2,2,0.858
E00409,2024-01-01,3,3,0.795
E00409,2024-05-01,3,3,0.887
E00409,2025-09-01,3,3,0.833
E00410,2025-05-01,3,3,0.975
E00410,2025-09-01,3,3,0.799
E00410,2025-10-01,3,3,0.988
E00411,2025-02-01,3,3,0.799
E00411,2025-09-01,3,3,1.053
E00411,2025-10-01,2,2,0.887
E00412,2024-09-01,2,2,1.086
E00412,2025-06-01,2,2,1.036
E00412,2025-07-01,2,2,1.0
E00412,2025-10-01,2,2,1.087
E00413,2019-08-01,2,2,0.849
E00413,2020-04-01,2,2,0.903
E00413,2023-09-01,2,2,1.011
E00414,2019-06-01,4,4,0.884
E00414,2019-09-01,4,4,0.995
E00414,2020-03-01,5,5,1.072
E00414,2020-04-01,5,5,1.007
E00415,2022-07-01,2,2,1.052
E00415,2023-10-01,2,2,1.191
E00415,2025-10-01,2,2,1.115
E00415,2025-11-01,2,2,1.169
E00416,2020-10-01,2,2,1.075
E00417,2024-07-01,4,4,1.096
E00417,2025-07-01,4,4,0.798
E00418,2020-12-01,3,3,1.032
E00419,2020-08-01,2,2,0.878
E00419,2020-11-01,2,2,1.14
E00419,2023-04-01,2,1,1.082
E00419,2024-12-01,2,2,1.005
E00419,2025-04-01,2,2,1.081
E00420,2020-06-01,2,2,1.07
E00420,2022-11-01,3,3,0.926
E00421,2024-05-01,3,3,0.956
E00421,2024-11-01,3,3,1.102
E00421,2025-05-01,3,3,1.108
E00422,2024-02-01,3,3,0.912
E00422,2024-07-01,3,3,1.095
E00423,2020-04-01,4,4,1.046
E00423,2023-04-01,4,4,0.851
E00423,2023-05-01,4,4,0.851
E00423,2024-05-01,4,4,1.221
E00423,2025-10-01,4,4,1.038
E00424,2024-06-01,3,3,0.94
E00425,2020-07-01,3,3,0.935
E00425,2020-09-01,3,3,0.999
E00426,2021-02-01,3,3,1.05
E00426,2021-10-01,2,2,1.034
E00426,2021-12-01,2,2,1.118
E00426,2022-11-01,2,2,1.02
E00427,2023-12-01,3,3,1.118
E00427,2025-07-01,3,3,0.913
E00428,2025-08-01,3,3,1.301
E00429,2021-12-01,3,3,0.975
E00429,2022-01-01,3,3,1.012
E00429,2023-10-01,3,3,0.997
E00430,2024-09-01,3,3,0.988
E00430,2025-02-01,3,3,0.824
E00430,2025-04-01,3,3,1.191
E00430,2025-10-01,3,3,0.956
E00431,2021-09-01,5,5,1.082
E00432,2019-04-01,3,3,0.982
E00432,2022-08-01,3,3,1.068
E00432,2023-06-01,3,3,0.849
E00432,2023-08-01,3,3,1.129
E00432,2024-09-01,3,4,0.842
E00433,2024-09-01,2,2,1.015
E00434,2025-06-01,3,3,0.902
E00434,2025-12-01,3,3,0.957
E00435,2023-12-01,3,3,1.153
E00435,2025-01-01,2,2,0.938
E00435,2025-05-01,2,2,1.083
E00436,2025-10-01,3,3,0.972
E00436,2025-11-01,4,4,1.017
E00437,2022-01-01,2,1,0.814
E00437,2022-12-01,2,2,1.023
E00437,2023-06-01,2,1,1.051
E00437,2024-09-01,2,2,1.073
E00437,2025-06-01,2,2,0.988
E00438,2020-07-01,3,2,0.773
E00438,2020-08-01,3,3,1.208
E00438,2020-10-01,3,3,1.023
E00438,2023-06-01,3,3,1.135
E00438,2024-12-01,3,4,1.163
E00439,2022-09-01,3,3,1.051
E00439,2022-10-01,3,3,1.074
E00439,2022-11-01,4,4,0.86
E00439,2023-10-01,4,4,0.79
E00440,2025-05-01,4,4,1.084
E00441,2023-07-01,3,3,1.036
E00441,2025-04-01,3,3,1.059
E00441,2025-10-01,3,3,1.022
E00442,2021-01-01,3,3,0.988
E00442,2023-06-01,3,3,0.852
E00443,2024-10-01,3,3,0.824
E00444,2024-03-01,4,4,1.125
E00444,2024-07-01,4,4,1.061
E00444,2025-01-01,4,4,1.012
E00445,2019-12-01,3,3,0.76
E00445,2020-12-01,3,3,0.742
E00445,2024-05-01,3,3,1.058
E00445,2025-10-01,3,3,0.752
E00446,2021-10-01,3,3,0.915
E00447,2023-04-01,3,3,1.029
E00447,2024-12-01,4,4,0.893
E00448,2022-04-01,3,3,0.913
E00448,2023-08-01,4,4,1.111
E00448,2024-08-01,4,4,1.015
E00449,2024-12-01,2,2,0.907
E00449,2025-08-01,2,2,0.86
E00450,2025-03-01,3,3,0.925
E00450,2025-10-01,3,3,0.909
E00451,2024-12-01,2,2,1.128
E00452,2025-04-01,3,3,0.922
E00453,2024-10-01,2,2,0.952
E00453,2025-07-01,2,3,1.026
E00454,2025-02-01,3,3,0.921
E00455,2022-08-01,2,2,0.934
E00455,2023-01-01,3,3,0.903
E00455,2023-02-01,4,4,0.913
E00455,2024-01-01,4,4,0.972
E00456,2021-11-01,3,3,0.925
E00456,2023-03-01,3,3,1.05
E00456,2024-12-01,3,2,1.19
E00457,2024-09-01,2,2,1.034
E00458,2022-03-01,3,3,0.903
E00458,2024-04-01,3,3,1.056
E00458,2025-05-01,3,3,0.944
E00459,2024-11-01,3,3,1.006
E00459,2025-02-01,3,3,0.949
E00459,2025-03-01,3,3,0.846
E00459,2025-05-01,3,3,0.961
E00459,2025-06-01,3,3,0.899
E00460,2022-04-01,3,3,1.175
E00460,2022-11-01,3,3,0.854
E00461,2024-11-01,3,3,0.89
E00461,2025-05-01,2,2,1.144
E00461,2025-07-01,2,2,1.014
E00462,2020-06-01,3,3,0.684
E00462,2021-02-01,3,3,0.891
E00462,2023-09-01,3,3,1.032
E00462,2024-02-01,3,3,0.913
E00462,2024-04-01,3,3,0.834
E00463,2019-06-01,4,4,0.762
E00463,2020-06-01,4,3,0.94
E00463,2023-07-01,4,4,1.187
E00463,2024-12-01,4,4,1.068
E00464,2022-08-01,2,2,0.94
E00464,2024-01-01,2,2,0.898
E00465,2022-12-01,4,4,0.929
E00466,2022-09-01,2,2,0.661
E00466,2022-11-01,2,2,0.922
E00466,2023-07-01,2,2,1.124
E00466,2024-04-01,1,1,0.87
E00466,2024-08-01,2,2,0.851
E00467,2023-04-01,3,3,0.987
E00467,2023-07-01,3,3,0.826
E00467,2024-10-01,3,3,1.074
E00467,2025-06-01,3,3,1.003
E00467,2025-09-01,3,3,1.076
E00468,2025-07-01,2,2,0.958
E00469,2020-08-01,3,3,0.934
E00469,2023-12-01,3,3,0.944
E00469,2025-05-01,3,3,1.187
E00470,2020-08-01,4,4,0.98
E00470,2022-09-01,5,4,0.946
E00470,2023-11-01,5,5,1.049
E00470,2025-02-01,5,5,1.027
E00471,2022-08-01,3,3,0.806
E00471,2023-07-01,3,3,1.0
E00471,2023-09-01,3,3,0.769
E00471,2024-02-01,2,2,1.057
E00471,2025-05-01,2,2,1.001
E00472,2023-11-01,4,4,0.987
E00472,2024-01-01,3,3,1.036
E00472,2025-09-01,3,3,0.846
E00472,2025-10-01,3,3,0.988
E00473,2025-04-01,3,3,0.717
E00473,2025-06-01,3,3,0.916
E00474,2025-06-01,3,3,1.015
E00474,2025-08-01,3,3,1.054
E00475,2021-07-01,2,2,1.007
E00475,2021-09-01,2,2,1.01
E00475,2024-08-01,2,2,0.924
E00475,2025-04-01,2,2,0.889
E00476,2020-05-01,3,3,0.811
E00476,2021-06-01,3,3,0.841
E00476,2022-05-01,2,2,1.244
E00477,2020-02-01,3,3,1.011
E00477,2021-01-01,3,3,1.166
E00477,2023-04-01,3,3,0.856
E00477,2024-06-01,3,3,1.08
E00477,2025-09-01,3,3,1.204
E00478,2025-11-01,4,4,0.921
E00479,2023-01-01,3,3,0.86
E00480,2025-08-01,3,3,1.133
E00480,2025-10-01,3,3,1.02
E00481,2023-11-01,3,3,0.879
E00481,2025-02-01,3,3,0.976
E00481,2025-08-01,3,3,1.073
E00481,2025-11-01,3,3,0.85
E00482,2022-11-01,3,3,0.866
E00482,2023-07-01,3,3,0.982
E00483,2019-08-01,3,3,0.997
E00483,2024-01-01,3,3,0.869
E00483,2024-09-01,3,3,1.003
E00484,2024-02-01,2,2,1.049
E00484,2024-05-01,2,2,1.023
E00484,2024-08-01,2,2,0.774
E00485,2025-02-01,3,3,0.752
E00486,2024-12-01,4,4,0.783
E00486,2025-09-01,4,4,1.004
E00487,2022-09-01,3,3,0.787
E00488,2021-05-01,2,1,0.952
E00489,2023-06-01,2,2,1.147
E00490,2024-08-01,3,3,0.9
E00490,2025-04-01,2,2,0.959
E00490,2025-11-01,2,2,0.855
E00491,2024-10-01,2,2,1.118
E00491,2025-01-01,2,2,0.907
E00491,2025-05-01,2,2,0.897
E00491,2025-09-01,2,3,1.092
E00492,2021-09-01,2,2,1.015
E00492,2023-01-01,2,2,0.897
E00492,2025-12-01,2,2,0.767
E00493,2022-10-01,2,2,1.034
E00494,2021-01-01,4,4,0.919
E00494,2021-04-01,4,4,0.993
E00494,2025-05-01,4,4,0.735
E00494,2025-12-01,4,4,0.908
E00495,2025-02-01,3,3,0.868
E00496,2025-01-01,3,3,0.955
E00496,2025-11-01,3,4,1.075
E00497,2021-10-01,1,1,1.185
E00497,2024-09-01,2,2,1.044
E00497,2025-05-01,3,3,0.969
E00497,2025-07-01,3,3,0.918
E00498,2019-11-01,3,3,1.038
E00499,2023-10-01,3,3,0.987
E00499,2024-08-01,3,3,1.004
E00499,2024-12-01,3,3,0.823
E00499,2025-05-01,3,3,0.975
E00500,2020-02-01,4,4,1.03
E00500,2021-02-01,4,4,0.782
E00501,2021-11-01,2,2,0.992
E00501,2022-11-01,2,2,0.91
E00501,2024-06-01,2,2,0.768
E00501,2025-01-01,2,2,1.143
E00502,2024-09-01,4,4,1.075
E00502,2025-05-01,4,4,1.032
E00503,2022-06-01,3,3,1.098
E00504,2023-03-01,2,2,1.041
E00504,2025-04-01,2,2,0.872
E00505,2020-12-01,3,3,1.076
E00505,2021-09-01,3,3,1.106
E00505,2021-11-01,2,2,0.98
E00506,2023-08-01,3,3,1.074
E00506,2024-07-01,3,3,0.913
E00506,2025-09-01,3,3,1.053
E00507,2024-04-01,4,4,1.133
E00507,2025-05-01,4,5,1.087
E00507,2025-12-01,4,4,1.088
E00508,2024-05-01,3,3,0.847
E00509,2024-01-01,2,2,1.203
E00509,2025-02-01,2,2,0.944
E00509,2025-10-01,2,2,0.936
E00510,2025-02-01,3,3,1.051
E00510,2025-09-01,3,3,0.922
E00510,2025-11-01,2,2,0.661
E00511,2022-04-01,4,4,0.866
E00512,2022-02-01,2,2,0.943
E00512,2025-07-01,2,2,1.066
E00512,2025-08-01,2,2,1.053
E00513,2020-07-01,3,3,0.981
E00514,2020-05-01,3,3,1.025
E00514,2025-01-01,3,4,0.813
E00515,2025-02-01,2,2,1.023
E00515,2025-04-01,1,1,0.911
E00515,2025-09-01,1,1,0.758
E00516,2019-03-01,3,3,1.089
E00516,2020-07-01,3,3,1.033
E00516,2022-01-01,3,3,0.994
E00517,2022-03-01,3,3,1.149
E00517,2023-03-01,3,3,0.911
E00517,2023-10-01,3,3,0.966
E00517,2025-08-01,3,3,0.784
E00518,2025-09-01,3,3,0.924
E00519,2024-09-01,3,3,1.003
E00519,2024-11-01,2,2,0.726
E00519,2025-10-01,2,2,1.101
E00520,2019-10-01,3,3,1.024
E00521,2025-06-01,3,3,0.845
E00521,2025-08-01,3,3,1.211
E00522,2020-01-01,5,5,1.181
E00522,2023-06-01,5,5,1.013
E00523,2025-02-01,3,3,0.865
E00523,2025-04-01,4,4,0.997
E00523,2025-09-01,5,5,1.374
E00524,2025-05-01,3,3,1.144
E00524,2025-06-01,3,3,0.96
E00524,2025-09-01,4,4,0.89
E00525,2024-01-01,3,3,0.896
E00525,2024-02-01,3,3,1.038
E00525,2024-03-01,3,3,0.996
E00525,2024-07-01,2,2,1.091
E00526,2021-08-01,4,5,0.956
E00526,2022-01-01,4,4,1.119
E00526,2024-06-01,4,4,0.909
E00526,2024-09-01,4,4,1.0
E00527,2025-06-01,2,2,0.849
E00527,2025-12-01,2,2,1.184
E00528,2020-07-01,3,4,0.936
E00528,2022-09-01,3,3,0.925
E00528,2025-01-01,2,2,0.972
E00529,2024-01-01,3,3,1.142
E00529,2024-02-01,4,4,0.92
E00529,2025-08-01,4,4,1.096
E00529,2025-09-01,4,4,1.009
E00530,2024-11-01,3,3,0.903
E00530,2024-12-01,3,2,0.959
E00530,2025-04-01,3,4,1.07
E00531,2021-12-01,4,4,0.98
E00532,2023-05-01,4,4,0.896
E00532,2023-07-01,4,4,1.34
E00532,2025-08-01,4,5,1.043
E00533,2024-10-01,4,4,0.872
E00533,2024-11-01,4,4,1.042
E00533,2024-12-01,3,2,1.041
E00533,2025-10-01,3,3,0.977
E00534,2023-11-01,4,4,0.759
E00535,2019-12-01,3,3,0.96
E00536,2023-03-01,3,3,1.013
E00536,2024-06-01,3,3,0.873
E00536,2024-11-01,3,3,0.982
E00537,2019-09-01,3,3,1.15
E00537,2020-06-01,3,3,0.961
E00537,2020-10-01,3,3,0.899
E00538,2024-12-01,3,2,1.336
E00539,2025-04-01,3,3,1.122
E00539,2025-05-01,3,3,0.928
E00540,2021-10-01,3,3,1.17
E00540,2022-04-01,3,2,0.905
E00540,2024-01-01,3,3,1.053
E00541,2020-11-01,3,3,1.161
E00541,2021-05-01,3,3,0.964
E00542,2024-03-01,3,3,0.969
E00542,2025-06-01,3,3,0.824
E00543,2022-04-01,4,4,0.905
E00543,2025-11-01,4,4,0.992
E00544,2019-05-01,2,2,1.034
E00544,2022-04-01,2,2,1.103
E00544,2022-05-01,1,1,1.033
E00544,2024-01-01,1,1,0.678
E00544,2025-10-01,1,1,1.034
E00545,2023-04-01,2,2,1.042
E00545,2023-11-01,2,2,0.837
E00545,2025-07-01,2,2,0.869
E00545,2025-08-01,2,2,1.082
E00546,2024-05-01,3,4,0.925
E00546,2025-08-01,3,3,0.864
E00547,2024-07-01,2,2,0.88
E00548,2024-01-01,3,3,0.983
E00548,2024-06-01,3,3,1.121
E00548,2024-12-01,2,2,1.022
E00548,2025-04-01,2,2,0.994
E00549,2023-03-01,3,3,1.044
E00550,2025-02-01,4,4,0.981
E00550,2025-08-01,4,4,0.815
E00550,2025-11-01,4,5,1.201
E00551,2025-12-01,4,4,0.938
E00552,2023-10-01,3,3,0.897
E00552,2023-12-01,4,4,1.114
E00552,2025-10-01,4,4,1.067
E00552,2025-11-01,3,3,1.049
E00553,2021-09-01,3,3,0.921
E00553,2025-10-01,3,3,0.936
E00554,2021-09-01,3,3,0.984
E00554,2023-12-01,3,3,1.177
E00554,2024-04-01,3,3,1.274
E00555,2024-09-01,3,3,1.062
E00555,2025-01-01,3,3,0.986
E00556,2019-02-01,3,3,1.121
E00556,2020-10-01,3,3,0.874
E00556,2022-02-01,3,3,1.003
E00556,2023-11-01,3,3,1.132
E00556,2024-05-01,2,2,1.048
E00557,2020-05-01,3,3,0.952
E00557,2020-09-01,3,3,1.085
E00558,2025-05-01,3,4,0.82
E00559,2024-04-01,2,2,0.738
E00559,2025-06-01,2,2,0.58
E00559,2025-12-01,2,2,0.904
E00560,2025-03-01,2,2,1.083
E00561,2021-05-01,4,4,0.998
E00561,2021-07-01,4,5,0.906
E00561,2022-11-01,4,4,1.075
E00561,2024-05-01,4,4,0.751
E00561,2025-12-01,4,4,1.126
E00562,2023-02-01,3,3,1.035
E00562,2024-04-01,3,3,0.853
E00562,2024-05-01,3,3,1.025
E00563,2023-09-01,4,4,0.926
E00564,2023-11-01,4,4,0.962
E00564,2024-03-01,4,4,0.997
E00564,2024-05-01,4,4,0.981
E00564,2024-11-01,4,4,1.029
E00565,2023-01-01,4,3,0.699
E00565,2023-11-01,4,4,0.968
E00565,2024-04-01,3,3,0.792
E00565,2025-03-01,3,3,1.067
E00565,2025-10-01,3,3,0.97
E00566,2023-07-01,1,1,1.089
E00567,2024-09-01,3,3,0.947
E00567,2025-09-01,4,4,1.118
E00568,2023-10-01,2,2,1.19
E00569,2025-12-01,4,4,0.927
E00570,2022-10-01,4,4,0.979
E00570,2023-03-01,4,3,0.773
E00570,2024-09-01,5,5,0.916
E00570,2025-02-01,5,5,1.077
E00570,2025-09-01,5,5,1.057
E00571,2023-11-01,3,4,1.07
E00571,2025-02-01,3,3,1.043
E00571,2025-12-01,2,2,1.031
E00572,2024-11-01,2,2,1.186
E00572,2024-12-01,2,2,1.258
E00572,2025-01-01,2,2,1.109
E00572,2025-07-01,1,1,0.823
E00573,2023-05-01,4,3,0.869
E00573,2024-12-01,4,4,0.9
E00573,2025-02-01,4,4,1.02
E00574,2018-12-01,5,5,1.14
E00574,2019-01-01,5,5,1.069
E00574,2020-04-01,5,5,0.828
E00574,2021-03-01,5,5,1.059
E00574,2025-04-01,5,4,0.883
E00575,2024-11-01,3,3,1.039
E00575,2025-06-01,2,2,1.006
E00576,2023-01-01,3,3,1.025
E00577,2023-04-01,3,3,1.274
E00577,2023-05-01,3,3,0.9
E00577,2023-11-01,3,3,0.985
E00577,2024-05-01,3,3,0.973
E00577,2024-11-01,3,4,0.806
E00578,2019-12-01,3,3,0.813
E00578,2021-04-01,3,4,0.819
E00578,2021-09-01,3,3,0.985
E00578,2022-03-01,3,3,0.77
E00578,2022-12-01,3,3,0.974
E00579,2025-04-01,3,3,1.098
E00580,2024-01-01,3,3,0.792
E00580,2024-07-01,3,3,1.078
E00581,2025-09-01,3,3,0.994
E00582,2022-12-01,1,1,0.887
E00582,2024-03-01,1,1,0.983
E00582,2025-02-01,1,1,0.982
E00582,2025-10-01,1,1,0.818
E00582,2025-11-01,1,1,1.037
E00583,2025-04-01,4,3,0.94
E00583,2025-10-01,4,4,1.104
E00583,2025-12-01,4,4,0.838
E00584,2024-11-01,2,2,1.142
E00584,2025-03-01,2,2,0.877
E00584,2025-04-01,2,2,0.939
E00584,2025-09-01,2,2,1.033
E00584,2025-10-01,2,2,1.053
E00585,2024-11-01,3,3,1.22
E00585,2024-12-01,3,3,0.914
E00585,2025-02-01,3,3,1.109
E00585,2025-06-01,2,2,1.023
E00586,2020-02-01,3,3,1.107
E00587,2024-12-01,3,3,0.921
E00587,2025-01-01,3,3,1.139
E00587,2025-04-01,4,4,1.23
E00587,2025-11-01,3,3,0.984
E00588,2024-07-01,3,3,0.895
E00589,2021-12-01,3,3,1.072
E00590,2020-08-01,3,3,1.106
E00590,2020-11-01,3,3,0.864
E00590,2021-01-01,3,3,0.856
E00590,2023-04-01,3,3,0.96
E00591,2023-02-01,4,4,1.238
E00591,2023-05-01,4,4,1.04
E00591,2025-09-01,4,4,0.919
E00592,2020-04-01,2,2,1.017
E00593,2019-10-01,3,3,1.104
E00593,2021-01-01,3,3,0.855
E00593,2025-04-01,3,3,1.123
E00593,2025-10-01,2,2,0.874
E00594,2024-09-01,4,4,0.958
E00594,2024-10-01,4,4,0.858
E00594,2025-09-01,3,3,0.89
E00594,2025-11-01,3,3,0.882
E00595,2023-12-01,4,4,1.065
E00595,2024-02-01,4,4,0.903
E00595,2025-04-01,4,4,1.169
E00595,2025-05-01,4,4,0.819
E00595,2025-07-01,3,3,1.129
E00596,2023-08-01,3,3,0.916
E00596,2024-03-01,3,2,0.786
E00596,2025-07-01,3,3,1.086
E00597,2024-04-01,3,3,0.888
E00597,2024-08-01,3,2,0.783
E00597,2025-05-01,3,3,0.91
E00598,2024-01-01,4,4,0.983
E00599,2023-10-01,4,5,1.207
E00599,2023-11-01,4,4,1.293
E00599,2025-07-01,3,3,1.021
E00599,2025-08-01,3,3,0.986
E00599,2025-10-01,3,3,1.247
E00600,2021-01-01,4,4,1.057
E00601,2023-12-01,3,3,1.037
E00602,2020-01-01,5,5,1.133
E00602,2021-07-01,5,4,1.171
E00602,2023-08-01,5,5,0.682
E00603,2025-02-01,3,3,1.084
E00604,2020-12-01,3,3,1.033
E00604,2021-04-01,2,2,0.945
E00605,2021-11-01,2,2,0.72
E00605,2022-10-01,2,2,0.913
E00605,2023-08-01,2,2,0.778
E00606,2021-12-01,3,3,0.966
E00606,2023-08-01,3,3,1.114
E00607,2019-01-01,4,4,1.232
E00607,2022-03-01,4,4,1.02
E00608,2024-04-01,3,4,0.994
E00608,2025-01-01,3,3,1.034
E00609,2024-09-01,4,4,0.937
E00609,2024-10-01,5,5,1.123
E00609,2025-01-01,5,5,1.019
E00609,2025-12-01,5,5,1.101
E00610,2021-08-01,2,2,1.075
E00610,2023-02-01,2,2,0.739
E00610,2024-02-01,2,2,0.814
E00610,2025-04-01,3,3,0.98
E00611,2023-05-01,3,3,1.023
E00611,2023-06-01,4,4,1.06
E00611,2024-04-01,4,4,1.048
E00611,2024-09-01,4,4,0.906
E00612,2022-10-01,3,3,0.741
E00612,2023-03-01,3,4,1.009
E00613,2021-10-01,2,2,1.127
E00613,2024-02-01,2,3,1.029
E00613,2025-01-01,2,2,1.158
E00613,2025-04-01,1,1,0.839
E00614,2025-09-01,3,3,1.026
E00615,2022-10-01,3,3,0.914
E00615,2025-06-01,4,4,1.022
E00616,2020-11-01,2,2,0.888
E00616,2023-11-01,2,3,0.978
E00617,2023-09-01,4,4,1.024
E00617,2024-08-01,4,4,0.842
E00618,2024-01-01,3,3,0.944
E00618,2024-10-01,3,3,1.045
E00618,2025-02-01,3,3,1.128
E00619,2021-03-01,2,1,0.967
E00620,2024-01-01,3,3,1.072
E00621,2024-08-01,4,4,1.208
E00621,2025-03-01,4,4,0.973
E00621,2025-06-01,4,4,1.321
E00622,2021-06-01,2,2,0.95
E00622,2022-04-01,3,3,1.097
E00622,2025-04-01,3,3,1.064
E00623,2025-01-01,3,4,0.894
E00623,2025-03-01,3,3,0.851
E00623,2025-08-01,2,2,1.029
E00623,2025-12-01,2,2,1.025
E00624,2022-09-01,3,3,0.961
E00625,2023-06-01,3,3,0.828
E00626,2024-04-01,3,3,0.959
E00626,2024-05-01,3,3,0.813
E00626,2024-07-01,2,2,0.707
E00626,2024-08-01,2,2,0.787
E00626,2024-12-01,1,1,1.033
E00627,2020-04-01,3,3,1.135
E00627,2021-07-01,3,3,1.139
E00627,2025-04-01,3,3,1.14
E00628,2018-08-01,4,4,0.884
E00628,2022-06-01,4,4,1.066
E00628,2023-03-01,4,3,1.009
E00628,2025-06-01,4,4,1.133
E00629,2024-06-01,2,2,0.884
E00629,2025-10-01,2,3,1.095
E00630,2025-09-01,2,2,0.886
E00631,2025-09-01,2,2,1.142
E00632,2020-06-01,3,3,0.812
E00633,2022-01-01,3,2,1.01
E00633,2022-04-01,3,3,0.961
E00633,2023-10-01,3,3,0.99
E00633,2024-02-01,2,2,0.943
E00634,2021-08-01,3,3,1.222
E00634,2025-02-01,3,3,0.853
E00635,2023-08-01,3,3,0.876
E00635,2023-12-01,3,3,1.05
E00635,2024-02-01,3,3,1.025
E00635,2024-04-01,3,3,0.973
E00636,2025-06-01,3,3,0.9
E00637,2024-08-01,3,3,0.949
E00637,2024-09-01,3,3,0.842
E00637,2025-12-01,3,3,0.744
E00638,2021-11-01,3,3,1.032
E00638,2021-12-01,3,3,0.98
E00638,2022-10-01,3,4,1.062
E00638,2023-12-01,3,3,0.911
E00639,2025-02-01,4,3,0.924
E00639,2025-03-01,4,4,1.138
E00640,2022-10-01,3,3,1.018
E00641,2020-08-01,3,3,0.886
E00641,2022-11-01,3,4,1.223
E00642,2021-07-01,2,2,1.071
E00642,2023-04-01,2,3,0.861
E00642,2024-01-01,2,2,1.035
E00642,2024-12-01,1,1,0.989
E00643,2020-09-01,3,3,0.837
E00643,2023-03-01,3,3,0.901
E00643,2023-10-01,4,4,1.04
E00643,2024-01-01,4,4,1.037
E00644,2023-08-01,3,3,1.108
E00645,2025-12-01,2,2,0.653
E00646,2025-03-01,3,3,1.349
E00646,2025-09-01,3,3,0.99
E00647,2021-03-01,4,3,1.017
E00647,2024-05-01,3,3,0.982
E00647,2025-01-01,3,3,0.876
E00647,2025-05-01,2,2,0.843
E00647,2025-08-01,2,2,1.015
E00648,2020-03-01,2,2,0.79
E00648,2020-04-01,3,3,0.971
E00648,2020-12-01,4,4,1.105
E00648,2022-01-01,4,4,1.124
E00648,2025-10-01,4,4,1.167
E00649,2022-02-01,3,3,1.003
E00649,2022-11-01,3,3,0.927
E00650,2025-05-01,3,3,0.88
E00650,2025-07-01,3,3,1.272
E00651,2023-04-01,2,2,0.905
E00651,2024-08-01,3,3,1.102
E00651,2025-03-01,3,3,0.903
E00651,2025-11-01,3,3,1.25
E00652,2025-12-01,3,3,0.882
E00653,2022-07-01,2,2,0.9
E00653,2022-11-01,2,2,0.964
E00653,2023-06-01,2,2,1.183
E00653,2023-10-01,2,2,0.888
E00653,2025-01-01,2,2,1.015
E00654,2025-02-01,3,3,1.082
E00654,2025-03-01,3,3,0.946
E00654,2025-04-01,2,2,1.022
E00654,2025-12-01,1,1,1.085
E00655,2024-03-01,4,4,1.125
E00655,2024-11-01,3,3,0.708
E00656,2024-11-01,2,2,1.061
E00656,2025-07-01,2,2,1.255
E00656,2025-09-01,2,2,1.089
E00657,2024-11-01,3,3,0.742
E00657,2025-03-01,2,2,0.87
E00657,2025-06-01,2,2,0.933
E00657,2025-07-01,1,1,1.022
E00658,2022-09-01,3,3,0.966
E00658,2022-11-01,3,3,0.924
E00658,2023-05-01,3,3,0.995
E00658,2025-09-01,2,2,1.142
E00659,2025-06-01,3,3,1.206
E00659,2025-07-01,4,4,1.011
E00660,2024-03-01,3,3,0.997
E00660,2025-10-01,3,3,0.843
E00660,2025-12-01,3,3,1.116
E00661,2024-02-01,3,4,1.053
E00662,2025-06-01,3,2,1.007
E00663,2024-03-01,3,3,0.909
E00663,2024-09-01,3,3,0.855
E00663,2024-11-01,3,3,1.091
E00663,2025-03-01,3,3,0.814
E00663,2025-06-01,2,2,0.905
E00664,2022-08-01,3,3,0.858
E00664,2023-07-01,4,4,1.23
E00665,2025-04-01,2,2,0.783
E00666,2020-06-01,4,4,1.018
E00666,2022-10-01,4,4,0.969
E00666,2022-12-01,4,4,0.876
E00667,2022-03-01,4,4,1.146
E00667,2022-04-01,4,4,1.26
E00667,2022-08-01,4,4,0.978
E00668,2020-08-01,4,4,0.792
E00668,2021-05-01,4,4,0.99
E00668,2021-10-01,4,3,1.084
E00668,2023-12-01,4,4,0.912
E00668,2025-12-01,4,4,1.023
E00669,2024-07-01,3,3,0.743
E00670,2019-06-01,2,2,0.917
E00670,2022-07-01,2,2,1.107
E00670,2023-04-01,2,2,0.896
E00670,2023-06-01,2,2,1.08
E00671,2021-11-01,3,3,0.799
E00671,2024-08-01,3,3,0.805
E00672,2023-02-01,4,4,1.091
E00672,2024-02-01,3,3,0.793
E00672,2025-04-01,3,3,0.861
E00673,2020-11-01,3,3,0.825
E00673,2020-12-01,3,3,0.814
E00673,2021-06-01,3,2,1.051
E00673,2022-07-01,3,3,1.02
E00674,2021-08-01,2,2,0.924
E00674,2022-04-01,1,1,0.998
E00674,2022-09-01,1,1,1.016
E00674,2025-10-01,1,1,1.045
E00675,2024-04-01,4,4,1.046
E00675,2025-07-01,3,2,0.961
E00676,2020-08-01,3,3,1.04
E00676,2021-09-01,3,3,0.851
E00677,2022-02-01,2,2,1.078
E00677,2022-03-01,2,1,1.037
E00678,2023-10-01,3,3,0.985
E00678,2025-10-01,3,3,0.971
E00679,2025-05-01,2,2,0.868
E00680,2025-03-01,4,4,1.037
E00680,2025-04-01,4,4,1.161
E00680,2025-09-01,4,3,0.898
E00680,2025-10-01,3,3,1.086
E00680,2025-11-01,3,3,0.964
E00681,2025-09-01,3,3,0.943
E00681,2025-10-01,3,2,0.977
E00681,2025-12-01,3,4,0.883
E00682,2025-02-01,3,3,1.069
E00683,2022-06-01,3,3,1.114
E00684,2025-07-01,2,1,1.109
E00684,2025-12-01,2,2,0.898
E00685,2023-08-01,3,3,1.101
E00685,2024-02-01,3,3,0.734
E00685,2024-03-01,3,3,1.037
E00685,2025-05-01,3,3,1.051
E00685,2025-06-01,3,3,0.977
E00686,2021-05-01,3,2,1.134
E00686,2021-08-01,3,3,0.931
E00686,2021-09-01,3,3,0.926
E00687,2021-05-01,2,2,0.88
E00687,2024-10-01,3,3,1.001
E00688,2024-08-01,3,3,0.93
E00689,2023-11-01,3,3,0.944
E00689,2024-01-01,3,3,1.003
E00690,2020-03-01,3,3,0.94
E00690,2020-04-01,3,3,0.945
E00690,2024-05-01,3,3,1.164
E00691,2022-06-01,4,4,0.77
E00691,2022-10-01,4,4,1.03
E00691,2024-08-01,4,4,1.025
E00691,2025-03-01,4,4,0.969
E00692,2021-02-01,3,3,0.922
E00692,2021-03-01,3,2,1.06
E00692,2022-01-01,3,3,1.182
E00692,2024-06-01,3,3,0.889
E00693,2022-04-01,3,3,0.946
E00693,2022-07-01,3,3,1.045
E00693,2024-06-01,3,3,1.068
E00693,2024-07-01,3,2,0.95
E00694,2020-04-01,1,1,0.899
E00694,2024-10-01,1,1,0.991
E00695,2025-09-01,4,4,0.737
E00695,2025-10-01,4,4,0.97
E00695,2025-11-01,4,4,0.943
E00696,2022-03-01,3,2,0.937
E00696,2023-11-01,3,3,0.754
E00696,2024-08-01,3,3,1.044
E00696,2024-12-01,3,3,0.935
E00696,2025-03-01,2,2,0.988
E00697,2024-12-01,3,2,1.039
E00698,2023-01-01,3,3,0.824
E00699,2019-10-01,3,3,0.871
E00699,2022-06-01,3,4,0.783
E00699,2023-07-01,3,4,1.049
E00699,2024-04-01,3,3,0.883
E00699,2025-04-01,2,2,0.97
E00700,2020-03-01,3,3,0.947
E00700,2020-06-01,2,2,0.99
E00701,2023-01-01,2,2,1.08
E00701,2024-02-01,2,2,1.103
E00701,2024-08-01,1,1,1.006
E00701,2024-11-01,2,2,0.945
E00702,2024-10-01,3,3,0.756
E00702,2025-06-01,3,3,1.179
E00703,2022-10-01,4,4,1.109
E00703,2024-02-01,4,4,0.903
E00703,2025-11-01,4,5,0.916
E00704,2023-02-01,3,3,0.829
E00704,2023-08-01,3,3,0.863
E00704,2024-02-01,3,3,0.811
E00704,2024-04-01,3,4,1.236
E00704,2025-07-01,4,4,1.058
E00705,2025-03-01,3,3,0.985
E00705,2025-06-01,3,3,0.779
E00705,2025-08-01,4,4,0.942
E00706,2023-01-01,3,3,0.833
E00706,2025-02-01,3,3,1.22
E00706,2025-12-01,4,4,0.994
E00707,2023-03-01,4,4,0.842
E00707,2024-07-01,4,4,0.885
E00708,2024-03-01,1,1,0.993
E00709,2024-09-01,4,4,1.01
E00709,2025-12-01,5,5,1.024
E00710,2020-05-01,3,3,1.04
E00710,2020-08-01,3,3,0.764
E00710,2020-10-01,3,3,1.064
E00711,2022-03-01,3,3,0.871
E00711,2023-12-01,2,2,1.093
E00712,2024-07-01,3,2,1.043
E00712,2025-07-01,3,4,1.023
E00713,2022-01-01,3,3,1.024
E00713,2023-07-01,3,3,0.874
E00713,2024-02-01,3,3,0.926
E00713,2025-01-01,3,3,0.844
E00713,2025-07-01,3,3,1.144
E00714,2024-08-01,4,3,1.04
E00714,2025-01-01,3,3,1.038
E00715,2022-04-01,3,3,0.904
E00715,2022-08-01,3,3,0.948
E00715,2023-08-01,4,4,1.006
E00716,2023-11-01,4,4,0.821
E00716,2025-12-01,4,3,1.053
E00717,2024-03-01,4,4,0.89
E00718,2022-05-01,4,4,0.941
E00718,2023-02-01,3,3,0.827
E00718,2023-06-01,3,3,1.101
E00719,2024-01-01,3,2,1.246
E00719,2025-07-01,3,3,1.12
E00720,2025-10-01,4,4,0.953
E00720,2025-11-01,4,4,0.95
E00720,2025-12-01,5,5,0.982
E00721,2021-03-01,3,3,0.936
E00721,2021-10-01,3,4,0.916
E00721,2022-05-01,3,3,0.791
E00721,2022-12-01,3,3,1.012
E00722,2025-08-01,3,3,0.975
E00722,2025-11-01,3,3,0.937
E00723,2024-07-01,3,3,0.966
E00723,2024-08-01,3,3,1.208
E00724,2023-01-01,3,3,0.853
E00724,2023-05-01,3,3,0.995
E00724,2024-03-01,3,3,1.107
E00725,2024-11-01,3,3,0.98
E00725,2025-12-01,3,4,1.19
E00726,2021-02-01,4,4,0.934
E00727,2022-11-01,1,2,1.071
E00728,2020-07-01,2,2,0.765
E00728,2021-06-01,2,3,1.025
E00728,2022-05-01,2,2,0.991
E00728,2022-07-01,2,1,0.902
E00728,2025-05-01,2,2,1.061
E00729,2020-04-01,4,5,0.993
E00729,2020-07-01,4,5,1.141
E00729,2020-10-01,4,4,0.957
E00729,2024-01-01,4,4,0.933
E00730,2021-11-01,3,3,0.963
E00730,2023-11-01,3,3,0.893
E00731,2022-08-01,3,3,1.135
E00731,2023-01-01,3,3,0.941
E00731,2023-02-01,3,3,0.95
E00731,2023-03-01,3,2,0.843
E00731,2023-06-01,3,3,1.189
E00732,2025-07-01,3,2,0.947
E00732,2025-10-01,3,3,1.117
E00733,2025-09-01,3,3,0.965
E00733,2025-10-01,3,3,0.951
E00733,2025-11-01,3,3,1.11
E00734,2025-03-01,2,2,1.097
E00734,2025-06-01,2,2,0.798
E00734,2025-08-01,2,2,0.87
E00734,2025-12-01,2,2,0.997
E00735,2021-11-01,2,2,0.907
E00735,2024-07-01,2,2,1.073
E00735,2024-09-01,2,2,0.898
E00736,2020-10-01,3,3,0.896
E00736,2022-06-01,3,3,0.969
E00736,2023-09-01,3,4,0.847
E00736,2024-07-01,3,2,0.91
E00737,2023-08-01,3,3,1.03
E00737,2025-03-01,3,2,1.143
E00737,2025-06-01,3,3,1.157
E00737,2025-08-01,2,2,0.754
E00738,2025-07-01,3,3,0.972
E00739,2024-10-01,3,3,0.998
E00740,2022-01-01,3,3,0.939
E00740,2024-02-01,3,4,0.954
E00741,2024-06-01,4,4,0.807
E00742,2022-05-01,3,3,1.159
E00742,2022-09-01,3,3,1.204
E00742,2023-12-01,3,3,1.064
E00742,2024-01-01,3,3,1.0
E00742,2024-08-01,3,3,0.765
E00743,2021-10-01,4,4,1.116
E00743,2021-12-01,3,3,1.007
E00744,2022-05-01,4,4,1.044
E00744,2022-06-01,3,3,0.886
E00744,2023-02-01,3,3,1.05
E00744,2023-10-01,3,3,1.102
E00745,2023-06-01,3,3,1.076
E00745,2025-02-01,3,3,1.042
E00745,2025-04-01,3,3,1.072
E00745,2025-11-01,3,3,1.103
E00746,2025-01-01,3,3,0.856
E00746,2025-03-01,3,3,0.917
E00746,2025-04-01,3,3,0.819
E00746,2025-11-01,3,3,1.078
E00747,2024-04-01,3,3,1.071
E00747,2024-06-01,3,3,1.101
E00747,2025-03-01,2,2,0.894
E00747,2025-07-01,2,2,1.02
E00748,2018-07-01,4,4,0.839
E00749,2024-07-01,3,3,0.802
E00749,2024-08-01,3,3,1.221
E00749,2024-09-01,3,3,0.825
E00750,2020-10-01,5,5,0.951
E00750,2021-01-01,5,5,1.052
E00750,2023-07-01,5,5,0.848
E00750,2023-08-01,5,5,1.105
E00750,2025-07-01,5,5,1.028
E00751,2022-01-01,4,4,0.844
E00752,2023-09-01,3,3,0.981
E00752,2024-07-01,3,3,1.119
E00752,2025-09-01,3,3,1.0
E00752,2025-10-01,3,3,1.096
E00753,2025-11-01,1,1,1.017
E00754,2019-12-01,3,3,1.106
E00754,2020-03-01,3,4,1.035
E00754,2020-05-01,3,3,0.88
E00755,2023-03-01,4,4,0.927
E00755,2024-10-01,4,3,1.02
E00755,2025-02-01,3,3,1.214
E00755,2025-09-01,3,3,1.025
E00756,2020-03-01,2,2,1.018
E00756,2020-04-01,2,2,1.025
E00756,2020-05-01,2,2,1.0
E00756,2020-08-01,2,2,1.105
E00757,2025-01-01,2,2,0.895
E00758,2024-04-01,3,3,1.115
E00759,2024-11-01,4,4,0.94
E00759,2025-01-01,4,4,1.046
E00759,2025-06-01,3,2,0.812
E00760,2025-05-01,2,2,0.819
E00761,2021-01-01,4,4,0.885
E00761,2021-10-01,4,4,0.919
E00761,2022-02-01,4,4,1.02
E00761,2023-05-01,4,4,0.949
E00762,2024-08-01,3,3,0.857
E00763,2025-02-01,3,3,0.961
E00763,2025-06-01,3,3,1.014
E00764,2024-10-01,3,3,0.838
E00764,2024-12-01,3,3,0.615
E00764,2025-01-01,3,3,1.012
E00764,2025-08-01,4,4,1.077
E00765,2025-12-01,1,1,1.108
E00766,2025-10-01,3,4,0.925
E00767,2024-10-01,3,3,0.947
E00767,2024-11-01,3,3,0.877
E00767,2024-12-01,2,2,1.141
E00767,2025-01-01,2,2,0.994
E00768,2023-10-01,3,3,0.863
E00768,2024-01-01,3,3,1.122
E00769,2020-11-01,4,4,0.885
E00769,2022-02-01,4,4,1.162
E00769,2025-12-01,4,4,1.038
E00770,2024-07-01,3,2,1.191
E00770,2025-11-01,3,3,1.148
E00771,2024-01-01,4,4,1.141
E00771,2024-04-01,4,4,1.054
E00771,2025-01-01,3,3,0.984
E00772,2023-08-01,2,2,1.064
E00772,2023-10-01,2,2,1.03
E00772,2025-03-01,3,3,1.08
E00773,2025-06-01,4,4,1.191
E00773,2025-07-01,4,4,0.992
E00773,2025-11-01,4,4,1.16
E00773,2025-12-01,3,3,0.943
E00774,2024-04-01,4,4,0.984
E00775,2020-10-01,2,2,0.975
E00775,2023-04-01,2,2,1.088
E00775,2024-04-01,3,3,1.034
E00775,2025-07-01,3,4,1.093
E00776,2023-03-01,3,3,1.043
E00776,2025-10-01,3,4,0.917
E00777,2020-12-01,3,3,0.982
E00777,2025-07-01,3,3,1.117
E00778,2020-01-01,4,4,0.972
E00778,2022-01-01,3,3,0.958
E00778,2023-09-01,3,3,0.826
E00778,2025-04-01,3,3,0.933
E00779,2019-05-01,3,3,1.072
E00779,2020-03-01,3,3,0.965
E00779,2021-10-01,3,3,0.868
E00779,2023-05-01,3,3,1.104
E00780,2024-03-01,3,3,0.924
E00780,2024-09-01,3,3,0.765
E00780,2024-10-01,3,3,1.086
E00780,2025-01-01,3,3,1.069
E00781,2024-02-01,3,3,1.09
E00781,2024-06-01,4,4,0.893
E00781,2025-01-01,4,4,1.096
E00781,2025-08-01,4,4,0.875
E00781,2025-09-01,4,3,0.725
E00782,2022-09-01,4,4,0.874
E00782,2025-09-01,4,4,0.787
E00783,2022-11-01,3,2,0.936
E00783,2022-12-01,3,3,0.862
E00783,2023-09-01,3,3,1.171
E00783,2024-02-01,3,3,0.92
E00783,2024-06-01,4,4,0.873
E00784,2025-06-01,3,3,1.082
E00784,2025-12-01,4,4,0.921
E00785,2024-08-01,3,3,0.867
E00785,2024-09-01,3,3,0.856
E00785,2025-02-01,3,3,1.017
E00786,2022-11-01,4,4,1.026
E00787,2025-07-01,3,3,0.887
E00787,2025-08-01,3,3,0.948
E00787,2025-12-01,3,3,1.051
E00788,2021-02-01,4,4,0.884
E00788,2021-09-01,4,4,1.003
E00788,2025-01-01,4,4,1.113
E00789,2024-09-01,5,5,1.137
E00789,2025-06-01,5,5,0.962
E00789,2025-11-01,5,5,0.817
E00790,2025-10-01,4,4,0.822
E00791,2024-12-01,3,3,0.981
E00791,2025-12-01,3,3,1.103
E00792,2025-04-01,3,3,1.106
E00793,2023-06-01,3,3,0.924
E00793,2023-09-01,3,3,1.108
E00794,2024-06-01,2,2,0.835
E00795,2020-07-01,3,2,1.058
E00795,2022-01-01,3,2,1.02
E00795,2022-04-01,3,3,0.911
E00795,2024-02-01,3,3,0.942
E00796,2024-03-01,4,4,0.983
E00797,2020-01-01,4,4,0.956
E00797,2020-04-01,4,4,1.066
E00797,2021-02-01,4,4,0.88
E00797,2024-02-01,4,4,0.738
E00798,2025-08-01,2,2,0.96
E00798,2025-09-01,2,1,0.854
E00799,2023-01-01,3,3,0.978
E00800,2024-07-01,3,2,0.933
E00800,2025-05-01,3,3,0.917
E00801,2023-07-01,2,2,0.815
E00801,2024-07-01,3,3,0.882
E00801,2025-07-01,2,2,0.918
E00802,2024-12-01,3,3,0.901
E00803,2020-08-01,2,2,1.198
E00803,2021-05-01,2,2,0.933
E00804,2020-11-01,3,3,0.758
E00804,2021-01-01,3,3,0.845
E00805,2023-01-01,4,4,1.015
E00805,2025-04-01,4,4,1.241
E00806,2024-08-01,4,4,0.941
E00807,2022-01-01,2,2,1.012
E00807,2022-02-01,2,2,0.81
E00807,2023-02-01,2,2,0.767
E00807,2024-04-01,2,2,0.916
E00808,2023-07-01,4,4,0.875
E00808,2024-07-01,4,4,0.995
E00809,2024-03-01,3,3,0.715
E00809,2024-04-01,4,4,0.999
E00809,2024-06-01,4,4,0.871
E00809,2025-07-01,4,3,0.856
E00809,2025-10-01,4,4,0.655
E00810,2024-07-01,2,2,0.826
E00810,2024-11-01,2,2,0.729
E00810,2025-09-01,2,2,0.725
E00811,2024-07-01,3,3,1.051
E00811,2024-10-01,3,3,0.92
E00811,2025-11-01,3,3,1.042
E00812,2025-07-01,3,3,0.845
E00812,2025-08-01,3,3,0.988
E00812,2025-12-01,3,2,0.967
E00813,2019-12-01,2,2,0.916
E00813,2020-02-01,2,2,1.038
E00814,2025-02-01,3,3,1.018
E00815,2021-02-01,4,4,0.847
E00815,2024-03-01,4,4,1.016
E00815,2024-05-01,5,5,0.852
E00815,2025-07-01,5,5,0.978
E00816,2022-01-01,4,4,0.945
E00816,2024-12-01,4,4,0.945
E00816,2025-11-01,4,4,1.056
E00817,2021-04-01,3,3,0.981
E00818,2023-07-01,3,3,0.949
E00818,2023-09-01,3,3,0.903
E00818,2023-11-01,3,3,0.958
E00819,2022-06-01,2,2,0.948
E00819,2024-05-01,1,1,0.796
E00819,2024-11-01,1,2,1.003
E00819,2024-12-01,1,1,0.791
E00819,2025-05-01,1,1,0.837
E00820,2024-08-01,2,2,0.886
E00820,2025-06-01,2,2,1.068
E00820,2025-08-01,2,2,1.042
E00820,2025-10-01,2,2,1.106
E00820,2025-11-01,3,2,0.984
E00821,2023-08-01,2,2,1.057
E00821,2023-09-01,3,3,1.015
E00821,2024-01-01,3,3,1.113
E00821,2024-07-01,3,3,1.14
E00821,2025-10-01,3,3,0.944
E00822,2022-11-01,3,3,1.086
E00822,2023-06-01,3,3,1.039
E00822,2024-04-01,3,4,0.922
E00823,2022-05-01,4,4,1.182
E00823,2023-08-01,4,4,1.234
E00823,2025-06-01,4,4,1.102
E00824,2024-08-01,3,3,0.912
E00825,2023-07-01,3,3,0.877
E00825,2024-04-01,4,4,1.017
E00825,2024-07-01,4,4,0.935
E00826,2019-12-01,3,3,0.864
E00826,2024-03-01,3,2,0.837
E00826,2025-01-01,3,3,0.986
E00826,2025-05-01,3,3,0.895
E00827,2019-08-01,3,3,0.906
E00827,2023-05-01,3,3,1.059
E00828,2025-01-01,2,2,1.038
E00829,2024-04-01,3,4,1.234
E00830,2021-05-01,3,3,1.034
E00830,2021-12-01,3,3,1.012
E00830,2022-07-01,2,2,1.032
E00830,2024-04-01,2,2,1.011
E00831,2020-02-01,4,4,0.82
E00831,2020-09-01,4,4,1.14
E00831,2023-12-01,4,4,0.994
E00831,2025-04-01,4,4,1.001
E00831,2025-07-01,5,5,1.198
E00832,2024-02-01,3,3,1.023
E00833,2025-10-01,4,4,0.939
E00833,2025-12-01,4,4,0.992
E00834,2024-09-01,3,3,0.926
E00834,2024-12-01,3,3,0.768
E00834,2025-04-01,3,2,0.824
E00834,2025-05-01,3,3,1.151
E00834,2025-11-01,4,4,0.966
E00835,2019-03-01,3,3,0.714
E00835,2021-01-01,3,3,1.021
E00836,2023-06-01,3,3,1.094
E00836,2025-10-01,3,3,0.963
E00837,2025-09-01,2,2,1.233
E00837,2025-10-01,2,3,0.807
E00837,2025-12-01,1,1,1.141
E00838,2024-10-01,3,3,0.976
E00838,2025-01-01,3,3,0.903
E00838,2025-03-01,3,4,0.846
E00838,2025-05-01,3,3,1.004
E00839,2022-08-01,3,3,0.869
E00839,2023-02-01,4,4,1.198
E00839,2023-12-01,3,3,0.93
E00840,2022-04-01,3,3,1.059
E00840,2023-01-01,3,3,0.925
E00840,2024-08-01,3,4,1.106
E00840,2025-07-01,3,3,0.995
E00841,2022-02-01,3,3,0.849
E00841,2022-06-01,3,3,1.01
E00841,2024-05-01,3,3,0.886
E00841,2025-07-01,4,4,0.804
E00842,2019-06-01,2,2,0.83
E00842,2021-07-01,2,2,1.184
E00842,2021-12-01,2,2,1.285
E00842,2023-01-01,2,2,1.143
E00842,2025-09-01,3,3,1.095
E00843,2023-08-01,3,3,1.07
E00843,2024-02-01,3,3,0.964
E00843,2025-06-01,3,2,1.056
E00844,2023-05-01,5,5,1.049
E00844,2024-12-01,5,5,1.089
E00844,2025-02-01,5,5,1.087
E00845,2023-03-01,3,3,0.853
E00846,2025-06-01,3,3,0.966
E00846,2025-09-01,4,4,1.115
E00846,2025-11-01,5,5,1.098
E00847,2023-09-01,3,3,0.902
E00847,2023-11-01,3,3,0.949
E00847,2024-02-01,3,3,0.935
E00847,2024-03-01,3,3,0.974
E00848,2025-06-01,3,3,0.985
E00848,2025-12-01,4,4,0.934
E00849,2021-07-01,3,4,0.967
E00850,2025-06-01,3,3,0.906
E00850,2025-11-01,3,3,0.937
E00851,2025-12-01,2,2,0.866
E00852,2022-02-01,3,3,1.141
E00852,2022-03-01,3,3,0.803
E00852,2022-12-01,4,4,1.121
E00852,2024-04-01,4,4,0.965
E00852,2025-01-01,4,4,0.976
E00853,2023-10-01,3,3,1.01
E00853,2025-04-01,4,4,0.958
E00854,2020-04-01,3,3,1.031
E00854,2021-02-01,3,3,1.111
E00854,2023-06-01,3,3,1.021
E00854,2024-02-01,3,3,0.834
E00854,2024-04-01,2,2,1.188
E00855,2025-07-01,4,4,0.798
E00856,2024-04-01,2,2,1.087
E00856,2025-07-01,2,2,1.043
E00857,2018-10-01,3,3,1.038
E00857,2018-12-01,2,2,0.998
E00857,2019-12-01,2,2,1.044
E00858,2025-05-01,3,3,1.134
E00858,2025-06-01,3,3,0.938
E00858,2025-08-01,3,3,1.049
E00858,2025-09-01,3,3,1.039
E00859,2022-12-01,5,5,0.891
E00859,2024-07-01,4,4,0.98
E00859,2024-11-01,4,4,0.981
E00859,2024-12-01,4,4,0.865
E00859,2025-12-01,4,4,1.048
E00860,2019-08-01,4,4,1.038
E00860,2023-04-01,4,4,0.951
E00860,2023-11-01,4,4,1.158
E00860,2024-08-01,4,4,0.924
E00860,2025-07-01,3,3,0.96
E00861,2024-12-01,3,3,1.101
E00862,2023-06-01,4,4,1.002
E00863,2024-03-01,5,5,0.889
E00863,2025-04-01,5,5,0.914
E00864,2025-06-01,3,3,1.023
E00864,2025-10-01,3,3,0.938
E00865,2023-04-01,3,3,1.136
E00865,2023-08-01,3,3,1.207
E00865,2025-09-01,3,3,0.766
E00866,2021-08-01,3,3,1.19
E00866,2022-01-01,3,3,0.921
E00866,2022-05-01,2,2,1.0
E00866,2022-11-01,2,2,0.902
E00867,2021-08-01,2,1,0.944
E00867,2023-05-01,2,2,0.804
E00867,2023-06-01,2,2,1.024
E00867,2025-05-01,3,3,0.859
E00868,2019-09-01,4,4,0.932
E00868,2023-07-01,4,4,0.869
E00869,2022-08-01,4,4,1.018
E00869,2024-12-01,4,4,0.976
E00870,2023-01-01,4,4,0.897
E00870,2024-02-01,4,4,0.773
E00870,2024-10-01,3,2,0.776
E00870,2025-02-01,3,3,0.601
E00870,2025-07-01,3,3,0.794
E00871,2025-02-01,4,4,1.063
E00871,2025-08-01,4,4,0.858
E00872,2022-07-01,2,2,0.945
E00872,2022-08-01,2,2,1.101
E00872,2023-06-01,2,2,1.131
E00872,2024-03-01,2,2,0.944
E00873,2021-09-01,4,4,0.838
E00873,2022-10-01,4,4,1.202
E00873,2022-11-01,4,4,0.808
E00874,2025-08-01,2,2,1.098
E00875,2021-11-01,3,4,0.978
E00875,2024-04-01,3,3,1.237
E00875,2025-03-01,4,4,0.984
E00875,2025-11-01,3,3,0.856
E00876,2025-04-01,4,4,0.838
E00877,2025-05-01,3,3,1.079
E00877,2025-09-01,3,3,1.128
E00877,2025-12-01,2,2,0.947
E00878,2025-04-01,4,4,1.135
E00878,2025-08-01,4,4,1.095
E00878,2025-09-01,3,3,1.09
E00879,2024-01-01,2,2,0.971
E00879,2025-07-01,2,2,1.209
E00880,2023-10-01,2,1,1.009
E00881,2022-06-01,2,2,0.775
E00881,2024-02-01,2,2,0.972
E00881,2025-01-01,2,2,0.999
E00881,2025-12-01,1,1,0.952
E00882,2021-09-01,3,3,1.156
E00882,2022-03-01,3,3,1.023
E00882,2023-09-01,3,3,0.962
E00882,2025-11-01,3,3,0.909
E00883,2025-11-01,3,3,0.688
E00884,2019-09-01,2,2,1.03
E00884,2021-01-01,2,2,1.109
E00884,2023-08-01,2,3,0.929
E00884,2024-02-01,2,1,1.005
E00884,2024-07-01,2,2,1.074
E00885,2023-07-01,3,3,1.019
E00885,2024-04-01,2,2,1.143
E00885,2024-06-01,2,2,0.852
E00886,2025-07-01,2,2,1.031
E00886,2025-11-01,2,2,1.076
E00887,2022-12-01,4,4,0.875
E00887,2023-07-01,4,4,0.978
E00887,2024-02-01,4,4,1.178
E00887,2025-08-01,4,4,1.142
E00887,2025-09-01,3,3,1.113
E00888,2018-12-01,5,5,0.867
E00888,2019-10-01,5,5,0.832
E00888,2021-03-01,5,5,1.172
E00888,2025-04-01,5,5,1.094
E00889,2024-05-01,3,3,0.942
E00889,2025-01-01,3,3,1.021
E00889,2025-05-01,3,3,1.021
E00890,2021-01-01,3,3,1.11
E00890,2023-04-01,3,3,0.947
E00890,2024-02-01,3,3,0.916
E00891,2023-05-01,3,3,1.022
E00891,2024-12-01,4,4,1.008
E00891,2025-05-01,4,4,0.84
E00891,2025-10-01,4,4,0.952
E00892,2023-05-01,3,3,1.145
E00892,2023-10-01,4,4,0.697
E00892,2024-06-01,4,4,0.801
E00893,2023-02-01,5,5,1.046
E00893,2024-06-01,5,5,1.051
E00893,2024-09-01,5,5,0.927
E00893,2025-03-01,5,5,1.256
E00893,2025-05-01,5,5,0.942
E00894,2023-01-01,3,3,0.991
E00894,2023-11-01,3,3,1.104
E00894,2024-02-01,2,2,1.076
E00894,2024-10-01,3,3,0.848
E00895,2021-05-01,3,3,1.015
E00895,2021-06-01,4,4,1.009
E00895,2024-01-01,3,3,0.916
E00895,2024-08-01,3,3,1.117
E00895,2025-02-01,4,4,0.908
E00896,2021-11-01,1,1,1.036
E00897,2022-12-01,2,2,1.334
E00897,2024-03-01,2,2,0.823
E00897,2024-11-01,2,2,1.06
E00897,2025-06-01,3,3,0.884
E00897,2025-08-01,3,3,0.905
E00898,2024-02-01,1,1,1.191
E00898,2024-07-01,1,1,0.882
E00898,2025-02-01,1,1,1.22
E00898,2025-09-01,1,1,0.964
E00899,2021-11-01,2,3,1.196
E00899,2022-08-01,2,2,1.01
E00899,2023-04-01,2,2,1.08
E00899,2024-03-01,3,3,1.145
E00899,2024-07-01,3,3,0.861
E00900,2020-12-01,2,3,1.033
E00900,2021-07-01,3,3,0.957
E00900,2024-02-01,3,3,0.772
E00901,2024-06-01,3,3,1.231
E00902,2025-07-01,3,3,0.963
E00903,2021-03-01,2,2,0.97
E00903,2023-02-01,2,2,1.052
E00903,2024-01-01,2,3,0.919
E00903,2025-03-01,2,2,1.155
E00904,2023-04-01,4,4,0.996
E00905,2024-02-01,4,4,1.087
E00905,2025-10-01,4,4,0.797
E00906,2020-03-01,4,4,1.117
E00906,2023-10-01,4,3,0.882
E00907,2024-01-01,4,3,0.764
E00907,2024-04-01,4,3,1.1
E00907,2024-06-01,3,3,0.858
E00907,2025-05-01,3,4,0.993
E00907,2025-07-01,2,2,0.884
E00908,2025-01-01,3,3,0.785
E00908,2025-03-01,2,2,1.055
E00908,2025-11-01,2,2,1.023
E00909,2022-03-01,1,1,0.902
E00909,2022-07-01,2,2,1.023
E00910,2020-03-01,2,2,1.056
E00910,2020-11-01,2,2,1.215
E00910,2021-12-01,2,2,0.975
E00910,2022-10-01,1,1,1.094
E00910,2024-07-01,1,1,1.246
E00911,2021-04-01,2,2,0.853
E00912,2021-04-01,4,4,0.962
E00912,2024-12-01,4,4,0.942
E00913,2024-09-01,2,2,0.946
E00914,2024-03-01,4,4,0.898
E00914,2024-04-01,5,5,1.106
E00914,2024-12-01,5,5,1.034
E00914,2025-01-01,5,5,1.225
E00914,2025-04-01,5,5,1.183
E00915,2021-04-01,2,2,1.02
E00915,2022-01-01,2,2,1.083
E00915,2025-07-01,2,2,0.807
E00916,2023-12-01,3,3,0.979
E00917,2024-07-01,2,2,1.186
E00917,2024-10-01,3,3,1.152
E00917,2024-11-01,3,3,1.031
E00918,2019-10-01,3,4,0.707
E00918,2020-02-01,3,3,0.907
E00918,2024-03-01,3,3,1.208
E00919,2024-09-01,3,3,1.007
E00919,2024-10-01,3,3,0.93
E00919,2025-03-01,3,3,1.005
E00919,2025-08-01,3,3,0.947
E00920,2025-05-01,3,3,0.941
E00920,2025-10-01,4,4,1.099
E00920,2025-12-01,4,4,0.793
E00921,2023-04-01,3,3,1.01
E00921,2024-01-01,3,3,1.052
E00921,2025-01-01,3,3,1.074
E00921,2025-06-01,3,3,1.002
E00922,2024-04-01,2,3,0.935
E00922,2024-11-01,2,2,0.98
E00922,2025-03-01,2,2,1.068
E00923,2024-01-01,2,2,1.157
E00923,2025-07-01,2,2,0.959
E00924,2025-01-01,3,3,1.085
E00924,2025-04-01,3,3,1.031
E00924,2025-09-01,3,3,0.947
E00924,2025-10-01,3,3,1.166
E00925,2018-07-01,2,2,0.977
E00926,2024-10-01,4,4,1.083
E00927,2021-09-01,2,2,0.978
E00928,2025-03-01,3,3,0.967
E00928,2025-04-01,2,2,0.813
E00928,2025-10-01,2,2,0.74
E00928,2025-11-01,1,1,0.812
E00929,2024-10-01,2,2,0.969
E00929,2025-10-01,3,3,0.968
E00929,2025-12-01,3,3,0.82
E00930,2023-04-01,2,2,0.91
E00930,2025-02-01,2,2,0.973
E00930,2025-05-01,2,2,0.845
E00930,2025-09-01,2,1,1.095
E00931,2024-11-01,3,3,0.985
E00932,2023-11-01,4,4,0.739
E00933,2024-07-01,3,3,0.84
E00934,2025-07-01,3,3,1.043
E00934,2025-08-01,4,4,1.18
E00935,2023-03-01,3,3,0.735
E00935,2023-04-01,3,3,0.998
E00936,2023-11-01,3,3,1.113
E00936,2024-06-01,2,2,0.872
E00936,2025-04-01,2,2,1.06
E00937,2023-09-01,3,3,1.062
E00938,2020-05-01,3,3,0.969
E00938,2023-02-01,3,3,1.075
E00938,2024-10-01,3,3,1.272
E00938,2025-09-01,3,3,1.017
E00939,2023-02-01,3,3,1.018
E00940,2021-02-01,3,2,1.015
E00940,2022-02-01,3,3,0.845
E00940,2023-03-01,3,4,1.009
E00940,2024-07-01,3,4,1.123
E00940,2025-10-01,2,2,1.065
E00941,2021-05-01,2,2,0.941
E00941,2021-07-01,2,2,1.082
E00941,2022-01-01,2,1,0.807
E00941,2023-07-01,2,2,0.922
E00942,2019-11-01,4,4,0.958
E00942,2020-04-01,3,3,1.095
E00942,2024-02-01,2,3,1.014
E00942,2025-02-01,2,1,0.969
E00943,2019-12-01,3,3,1.028
E00944,2022-12-01,3,3,0.765
E00944,2023-07-01,3,3,1.117
E00944,2023-12-01,4,4,1.153
E00944,2025-06-01,4,4,0.842
E00945,2020-09-01,5,5,1.033
E00945,2021-05-01,5,5,1.124
E00946,2024-10-01,2,2,0.887
E00946,2025-08-01,1,1,1.158
E00947,2022-03-01,3,4,0.959
E00947,2022-09-01,3,3,0.962
E00947,2023-06-01,2,2,1.04
E00947,2024-09-01,1,1,0.717
E00947,2024-10-01,1,1,1.021
E00948,2020-06-01,3,3,0.931
E00948,2021-11-01,3,3,1.231
E00948,2022-04-01,3,3,0.972
E00948,2022-05-01,3,3,0.821
E00949,2021-11-01,4,4,0.911
E00949,2022-08-01,4,4,1.092
E00949,2022-11-01,4,4,0.849
E00949,2024-03-01,4,4,1.088
E00949,2025-03-01,4,3,0.939
E00950,2022-11-01,3,3,1.173
E00950,2022-12-01,3,3,0.929
E00951,2025-08-01,3,2,1.194
E00951,2025-11-01,4,4,0.873
E00952,2023-04-01,4,4,1.004
E00952,2023-09-01,5,5,1.165
E00952,2024-11-01,5,5,0.953
E00953,2021-03-01,3,3,0.9
E00953,2021-05-01,3,3,1.087
E00953,2021-12-01,3,3,0.972
E00953,2022-06-01,2,2,0.936
E00953,2022-12-01,2,2,0.923
E00954,2020-08-01,3,3,0.9
E00955,2022-12-01,2,2,0.989
E00955,2024-12-01,1,1,0.947
E00955,2025-10-01,1,1,0.692
E00956,2025-02-01,2,2,0.945
E00956,2025-03-01,2,2,0.823
E00956,2025-04-01,2,1,1.042
E00956,2025-07-01,2,2,0.84
E00956,2025-12-01,2,2,1.017
E00957,2020-08-01,3,2,1.109
E00957,2021-05-01,3,3,0.911
E00957,2022-01-01,2,2,1.094
E00957,2022-08-01,2,2,0.812
E00957,2025-01-01,1,1,0.96
E00958,2023-03-01,3,3,1.084
E00958,2024-01-01,3,3,1.041
E00958,2024-04-01,3,3,1.061
E00958,2024-08-01,3,3,0.976
E00959,2024-12-01,2,2,0.94
E00959,2025-05-01,1,2,0.98
E00960,2025-05-01,3,3,0.954
E00960,2025-08-01,3,3,1.076
E00960,2025-12-01,3,3,1.005
E00961,2024-05-01,3,3,0.966
E00962,2025-04-01,3,3,1.048
E00963,2024-08-01,3,3,1.004
E00963,2024-10-01,3,3,1.039
E00963,2025-01-01,3,4,1.013
E00963,2025-12-01,2,2,0.88
E00964,2021-08-01,3,3,1.078
E00964,2022-10-01,3,3,1.006
E00964,2024-12-01,3,3,0.951
E00964,2025-10-01,3,4,0.989
E00965,2022-01-01,4,4,0.928
E00965,2022-09-01,3,3,1.024
E00965,2023-04-01,3,3,1.099
E00965,2024-07-01,3,3,1.208
E00966,2023-07-01,4,4,0.988
E00967,2021-07-01,3,3,0.928
E00967,2024-02-01,3,3,1.026
E00968,2025-01-01,3,3,0.91
E00969,2022-07-01,3,3,0.965
E00969,2023-02-01,3,3,0.966
E00969,2023-05-01,2,2,0.982
E00969,2023-06-01,2,2,1.029
E00970,2021-11-01,4,4,0.879
E00970,2021-12-01,4,4,0.858
E00970,2023-09-01,4,4,0.979
E00970,2024-05-01,5,5,1.257
E00970,2025-07-01,4,4,0.88
E00971,2025-04-01,3,3,0.985
E00971,2025-08-01,3,3,1.184
E00971,2025-09-01,2,2,1.055
E00971,2025-11-01,2,2,0.983
E00972,2024-02-01,3,3,0.924
E00972,2024-05-01,3,3,1.032
E00972,2024-08-01,3,3,0.964
E00972,2025-03-01,4,3,1.103
E00973,2020-01-01,3,3,0.929
E00973,2020-08-01,3,3,0.899
E00973,2021-02-01,3,3,0.829
E00973,2023-02-01,3,3,1.202
E00973,2024-03-01,2,2,1.065
E00974,2022-04-01,3,3,0.951
E00975,2020-06-01,3,3,0.738
E00975,2020-07-01,3,3,1.101
E00975,2022-03-01,3,3,0.966
E00975,2024-11-01,3,3,1.067
E00975,2025-12-01,3,3,0.774
E00976,2024-12-01,3,3,0.997
E00976,2025-10-01,4,4,0.87
E00976,2025-11-01,4,4,1.083
E00977,2020-05-01,3,3,0.948
E00977,2021-06-01,3,3,0.85
E00978,2023-11-01,3,3,1.055
E00978,2024-01-01,3,3,0.957
E00978,2025-03-01,3,3,0.752
E00979,2022-04-01,3,3,1.009
E00979,2023-08-01,3,3,1.168
E00979,2024-08-01,2,2,0.992
E00979,2024-12-01,2,1,1.109
E00979,2025-04-01,1,1,0.963
E00980,2025-08-01,2,2,0.684
E00980,2025-11-01,1,1,1.234
E00981,2021-05-01,3,3,1.155
E00981,2024-07-01,3,3,0.794
E00982,2020-09-01,2,2,1.003
E00982,2021-02-01,2,2,1.003
E00983,2025-08-01,5,5,1.009
E00983,2025-09-01,5,5,1.145
E00983,2025-12-01,5,5,0.9
E00984,2021-07-01,4,4,1.09
E00984,2022-08-01,4,4,0.868
E00984,2024-03-01,4,5,0.813
E00985,2021-06-01,3,4,1.009
E00985,2022-04-01,3,3,1.12
E00985,2022-12-01,4,3,0.826
E00986,2025-04-01,3,3,1.081
E00987,2024-12-01,3,2,0.912
E00988,2024-06-01,4,4,0.973
E00988,2025-05-01,3,3,0.837
E00989,2021-11-01,2,2,0.903
E00989,2021-12-01,2,2,1.006
E00989,2023-12-01,2,2,1.073
E00989,2024-04-01,2,2,1.24
E00989,2024-09-01,2,2,1.035
E00990,2024-10-01,4,4,1.012
E00990,2025-02-01,5,5,0.991
E00991,2024-11-01,3,3,1.058
E00992,2024-11-01,3,3,0.654
E00993,2021-08-01,3,3,1.187
E00993,2021-09-01,3,3,1.125
E00993,2021-10-01,3,2,0.952
E00993,2021-11-01,3,3,0.974
E00994,2024-05-01,2,2,0.805
E00994,2024-09-01,2,2,1.112
E00994,2024-10-01,3,3,1.113
E00994,2025-10-01,3,4,0.803
E00995,2021-08-01,4,4,0.97
E00995,2025-09-01,4,4,0.807
E00996,2023-10-01,4,4,1.038
E00996,2024-05-01,4,4,0.843
E00997,2022-09-01,3,4,0.984
E00997,2023-07-01,3,3,0.966
E00997,2024-01-01,3,3,0.714
E00998,2023-07-01,2,2,1.05
E00998,2023-09-01,2,2,0.956
E00998,2025-04-01,2,2,1.016
E00999,2022-04-01,3,3,0.973
E00999,2024-08-01,3,3,1.067
E00999,2024-10-01,3,3,1.266
E00999,2025-01-01,3,3,0.895
E00999,2025-10-01,3,3,0.908
E01000,2022-03-01,4,4,1.038
E01000,2022-08-01,4,5,0.952
E01000,2023-04-01,4,4,0.989
E01000,2024-03-01,4,4,1.004
