employee_id,business_unit_id,job_family,job_level,hire_date,base_salary,manager_id,location,replacement_cost_estimate
E00001,BU03,Operations,IC2,2020-02-01,72817,M0068,FL,29845.0
E00002,BU05,Education,IC2,2017-03-05,131730,M0015,CA,47519.0
E00003,BU01,Operations,IC2,2024-09-09,50177,M0037,FL,24649.31
E00004,BU01,Clinical,IC1,2021-07-17,79085,M0001,IL,31726.0
E00005,BU10,Finance,IC2,2018-04-09,33891,M0067,NY,19286.51
E00006,BU09,IT,M2,2020-10-11,50335,M0024,NY,25553.03
E00007,BU07,Operations,IC1,2023-05-15,67757,M0027,TX,28327.0
E00008,BU01,Finance,IC1,2016-02-24,97500,M0040,CA,37250.0
E00009,BU08,Clinical,IC2,2020-11-06,38985,M0063,IL,21390.93
E00010,BU03,Admin,M1,2024-08-23,78837,M0061,NY,33505.14
E00011,BU08,Education,IC3,2024-04-03,58564,M0036,NY,28354.47
E00012,BU05,Finance,IC3,2021-09-17,35153,M0024,IL,20139.36
E00013,BU01,Finance,IC1,2018-05-05,63803,M0024,FL,27141.0
E00014,BU07,Admin,IC3,2017-09-28,108902,M0004,FL,44061.72
E00015,BU05,Finance,IC2,2021-04-12,40451,M0067,CA,22331.18
E00016,BU06,Clinical,M1,2021-10-18,57614,M0034,TX,27622.52
E00017,BU06,Clinical,IC3,2016-05-14,42390,M0057,NY,22531.97
E00018,BU08,Admin,IC1,2019-09-21,50817,M0049,TX,23245.0
E00019,BU09,Education,IC1,2018-08-24,98840,M0053,FL,37652.0
E00020,BU02,IT,IC1,2015-03-11,54446,M0023,FL,26455.8
E00021,BU09,Operations,IC2,2021-01-09,97787,M0069,WA,37336.0
E00022,BU10,IT,IC2,2019-03-02,88271,M0053,CA,38296.73
E00023,BU09,Finance,IC3,2015-04-12,52735,M0062,WA,25795.51
E00024,BU10,Operations,IC2,2018-02-03,50216,M0041,WA,25322.77
E00025,BU10,Admin,IC2,2014-01-03,43757,M0057,WA,22959.77
E00026,BU07,Admin,IC1,2023-07-01,43226,M0060,CA,20968.0
E00027,BU01,Education,IC1,2019-08-08,67753,M0054,CA,28326.0
E00028,BU07,Operations,M1,2022-07-22,59461,M0070,IL,28531.87
E00029,BU10,Clinical,IC1,2014-05-28,48134,M0057,TX,24410.07
E00030,BU05,Operations,IC3,2024-12-08,34820,M0010,TX,20630.39
E00031,BU06,Finance,M1,2024-01-11,62141,M0040,IL,28565.87
E00032,BU10,Clinical,IC3,2023-07-09,50800,M0007,IL,24845.75
E00033,BU07,Admin,M1,2016-07-05,55918,M0038,FL,26601.19
E00034,BU05,Operations,IC2,2020-09-14,66611,M0061,WA,30113.39
E00035,BU07,IT,M2,2017-03-28,24944,M0003,IL,17031.27
E00036,BU09,Education,IC1,2022-09-03,35009,M0051,NY,20247.66
E00037,BU03,IT,IC1,2016-01-21,133754,M0047,TX,48126.0
E00038,BU08,Education,IC3,2018-01-05,50146,M0068,IL,25335.08
E00039,BU02,Finance,M2,2016-04-05,24807,M0076,NY,15442.0
E00040,BU07,IT,M1,2020-09-19,36045,M0038,NY,19758.1
E00041,BU02,Operations,IC1,2018-06-27,142852,M0036,NY,50856.0
E00042,BU04,Operations,IC2,2022-11-14,46815,M0041,FL,23766.86
E00043,BU07,IT,M2,2020-03-26,89828,M0069,FL,38434.67
E00044,BU03,Operations,IC2,2015-01-04,62467,M0013,NY,26740.0
E00045,BU02,Finance,M1,2017-04-25,50527,M0058,FL,23158.0
E00046,BU10,Clinical,M1,2022-12-13,78543,M0050,WA,33339.95
E00047,BU07,Finance,IC2,2015-09-10,25990,M0030,NY,17240.81
E00048,BU01,Education,IC2,2023-03-25,36156,M0062,WA,20550.09
E00049,BU08,Finance,IC2,2022-12-18,50397,M0025,WA,25898.22
E00050,BU03,Education,IC1,2023-09-08,37421,M0027,NY,20581.83
E00051,BU02,Operations,M1,2018-07-08,48861,M0051,TX,22658.0
E00052,BU03,Clinical,IC2,2015-12-07,80725,M0078,NY,32218.0
E00053,BU05,Operations,M1,2017-04-08,62708,M0057,NY,29854.69
E00054,BU08,Admin,IC1,2020-03-14,95389,M0047,FL,36617.0
E00055,BU10,Operations,M2,2021-10-19,64112,M0039,NY,27234.0
E00056,BU07,Education,IC2,2016-05-06,84742,M0016,TX,33423.0
E00057,BU07,Operations,IC1,2014-05-01,58546,M0022,FL,27660.86
E00058,BU07,Operations,IC1,2017-03-23,48699,M0054,CA,24797.82
E00059,BU08,Clinical,IC3,2015-12-15,100529,M0021,CA,38159.0
E00060,BU01,Operations,IC3,2021-09-01,46711,M0072,WA,24583.17
E00061,BU04,Clinical,M1,2017-04-25,67531,M0016,WA,30720.84
E00062,BU06,IT,IC1,2015-11-17,78364,M0059,TX,33838.8
E00063,BU09,Admin,IC1,2019-05-01,80380,M0031,IL,32114.0
E00064,BU02,Clinical,IC2,2019-04-15,39819,M0042,CA,21135.5
E00065,BU01,Education,IC2,2023-05-23,86524,M0074,WA,37446.62
E00066,BU10,IT,IC2,2017-07-02,42505,M0032,CA,22506.9
E00067,BU02,Clinical,M2,2019-09-14,79519,M0059,TX,34328.35
E00068,BU07,Clinical,M2,2015-07-21,72208,M0034,TX,33087.71
E00069,BU03,Admin,M2,2023-05-08,79740,M0009,IL,34624.09
E00070,BU10,Education,M1,2015-10-08,39271,M0011,IL,22118.13
E00071,BU02,Finance,IC2,2023-10-19,73554,M0010,FL,30066.0
E00072,BU07,Finance,IC2,2017-07-07,87549,M0017,TX,34265.0
E00073,BU02,Clinical,IC2,2021-10-19,64067,M0068,WA,30613.54
E00074,BU03,Operations,M1,2020-05-06,44958,M0048,CA,21487.0
E00075,BU07,Education,IC1,2022-03-06,82612,M0052,NY,32784.0
E00076,BU04,IT,IC2,2021-07-03,62310,M0025,IL,29210.06
E00077,BU01,Operations,IC1,2018-11-07,33321,M0021,NY,19098.87
E00078,BU05,Operations,IC2,2015-11-19,43754,M0065,WA,22864.43
E00079,BU09,Education,M1,2018-02-08,49801,M0063,IL,25511.41
E00080,BU08,Clinical,M1,2021-12-10,101421,M0051,NY,41052.17
E00081,BU09,Clinical,IC1,2023-09-20,95374,M0036,WA,36612.0
E00082,BU10,Clinical,M2,2022-10-15,95267,M0066,CA,40373.43
E00083,BU09,Clinical,IC3,2022-10-15,64947,M0015,WA,30275.65
E00084,BU07,Finance,IC1,2014-12-01,82434,M0039,FL,32730.0
E00085,BU04,Clinical,IC2,2022-01-20,40164,M0070,IL,21772.83
E00086,BU05,Finance,IC2,2020-06-07,60017,M0001,TX,28273.55
E00087,BU01,Finance,IC1,2022-07-27,70128,M0023,CA,29038.0
E00088,BU01,Clinical,M2,2021-08-04,41101,M0039,NY,20330.0
E00089,BU03,Admin,IC2,2014-10-06,64439,M0057,IL,29936.17
E00090,BU08,IT,M1,2021-09-25,108047,M0034,TX,40414.0
E00091,BU02,Operations,IC2,2021-02-01,72807,M0041,WA,29842.0
E00092,BU04,Finance,IC1,2024-11-05,82548,M0073,TX,32764.0
E00093,BU02,Education,IC2,2016-10-27,25378,M0013,IL,16930.74
E00094,BU05,Education,IC1,2014-02-23,103289,M0070,IL,38987.0
E00095,BU09,IT,IC2,2021-05-01,56098,M0006,FL,26995.36
E00096,BU01,Education,M1,2016-05-04,45751,M0052,FL,21725.0
E00097,BU05,Admin,IC2,2016-06-22,56324,M0003,TX,27581.19
E00098,BU09,Education,IC3,2014-03-02,35605,M0063,WA,18682.0
E00099,BU01,Operations,IC1,2024-08-10,86403,M0049,TX,33921.0
E00100,BU09,Operations,IC1,2018-01-05,53242,M0076,IL,25790.67
E00101,BU08,Finance,IC1,2023-06-27,46234,M0047,IL,24064.8
E00102,BU04,Clinical,IC3,2020-04-10,56454,M0055,NY,27284.3
E00103,BU10,Admin,IC1,2023-01-01,88548,M0064,FL,34564.0
E00104,BU05,Finance,IC2,2022-07-22,62693,M0065,NY,28568.95
E00105,BU05,Admin,IC3,2020-09-06,36556,M0067,CA,20460.07
E00106,BU06,Clinical,IC2,2022-04-13,70456,M0015,IL,31162.65
E00107,BU07,Education,IC1,2021-04-15,43255,M0032,NY,22982.09
E00108,BU08,Education,IC2,2015-06-04,28152,M0068,TX,16446.0
E00109,BU08,Clinical,M1,2014-12-13,101073,M0018,FL,38322.0
E00110,BU02,Finance,IC3,2020-03-24,70265,M0043,FL,32235.9
E00111,BU09,Clinical,IC2,2020-12-20,58256,M0035,WA,28194.83
E00112,BU07,IT,IC1,2021-06-24,53052,M0078,TX,26260.22
E00113,BU04,Operations,M2,2018-07-15,97634,M0058,WA,40098.33
E00114,BU04,Finance,IC3,2016-11-08,176399,M0033,NY,60920.0
E00115,BU08,Admin,IC2,2021-10-05,70058,M0014,CA,29017.0
E00116,BU04,IT,M1,2019-10-15,41757,M0034,TX,22126.0
E00117,BU06,Finance,IC2,2024-03-04,56723,M0061,TX,25017.0
E00118,BU05,Clinical,IC2,2016-07-12,69613,M0004,TX,31316.9
E00119,BU03,Clinical,IC3,2014-03-13,26309,M0059,WA,17330.36
E00120,BU10,Clinical,IC1,2016-02-02,67311,M0029,NY,28193.0
E00121,BU02,Clinical,M2,2018-12-27,69755,M0006,TX,28926.0
E00122,BU09,Admin,IC3,2016-10-19,95246,M0049,TX,36574.0
E00123,BU10,IT,IC3,2014-04-19,91834,M0040,FL,35550.0
E00124,BU09,Education,IC1,2018-12-04,62250,M0065,CA,26675.0
E00125,BU01,Operations,IC1,2023-08-04,101735,M0069,FL,38520.0
E00126,BU10,Admin,IC2,2020-09-26,122087,M0027,FL,44626.0
E00127,BU03,Admin,M1,2020-07-11,60463,M0080,CA,28830.47
E00128,BU08,Education,IC2,2024-01-27,69311,M0006,NY,28793.0
E00129,BU06,Education,IC2,2022-03-05,32256,M0013,FL,19015.82
E00130,BU05,Operations,IC3,2023-12-20,36032,M0064,NY,20711.1
E00131,BU05,Operations,IC1,2023-09-11,44651,M0062,FL,23328.06
E00132,BU06,Education,IC3,2016-12-10,51263,M0019,IL,25828.92
E00133,BU07,Clinical,IC1,2020-01-08,40797,M0076,CA,22690.1
E00134,BU01,Admin,M2,2014-09-06,59125,M0080,FL,25738.0
E00135,BU09,Finance,IC2,2017-08-06,51803,M0043,IL,25654.48
E00136,BU03,Operations,IC1,2017-01-08,87100,M0074,WA,34130.0
E00137,BU04,Operations,IC2,2018-06-23,50708,M0020,IL,25572.23
E00138,BU10,Education,IC2,2020-05-15,26894,M0068,TX,16068.0
E00139,BU01,IT,M1,2020-06-26,62568,M0044,FL,29657.16
E00140,BU10,Finance,IC3,2024-10-14,59577,M0023,IL,25873.0
E00141,BU03,Finance,IC3,2017-12-11,44280,M0002,NY,22954.58
E00142,BU02,Operations,IC1,2020-05-12,61898,M0022,WA,26569.0
E00143,BU02,Clinical,IC1,2024-06-26,41096,M0057,FL,22235.37
E00144,BU01,IT,IC1,2016-05-13,67201,M0072,TX,28160.0
E00145,BU08,Finance,IC3,2019-11-08,150471,M0007,IL,53141.0
E00146,BU03,Operations,M1,2015-12-18,31826,M0078,WA,19551.92
E00147,BU03,Finance,IC2,2023-05-25,49977,M0056,FL,24693.42
E00148,BU06,IT,IC1,2022-04-01,47251,M0067,WA,22175.0
E00149,BU08,IT,IC3,2018-03-15,51450,M0016,TX,25036.4
E00150,BU09,Admin,M1,2019-03-08,85560,M0051,IL,37765.22
E00151,BU09,Education,IC3,2017-04-28,72402,M0080,WA,32476.99
E00152,BU04,Education,M1,2024-09-11,80585,M0072,WA,35520.63
E00153,BU05,Operations,IC2,2023-02-12,60517,M0012,CA,28288.03
E00154,BU02,IT,IC1,2020-09-12,37694,M0053,WA,19308.0
E00155,BU09,Admin,M1,2022-01-04,40533,M0075,CA,20160.0
E00156,BU08,Admin,IC3,2020-01-16,77745,M0005,IL,34297.55
E00157,BU03,Finance,IC2,2014-05-04,63563,M0027,FL,27069.0
E00158,BU09,Finance,IC3,2014-06-05,93067,M0012,FL,35920.0
E00159,BU03,Admin,M1,2022-06-24,66346,M0017,IL,30105.73
E00160,BU09,Finance,IC3,2024-03-05,39575,M0006,IL,21551.76
E00161,BU02,IT,IC3,2022-07-08,49878,M0005,NY,24730.21
E00162,BU10,Clinical,IC2,2017-09-10,72961,M0057,IL,29888.0
E00163,BU09,IT,IC2,2022-11-17,76774,M0028,WA,31032.0
E00164,BU08,Admin,IC2,2016-12-28,80764,M0078,FL,32229.0
E00165,BU09,Admin,M1,2020-10-26,41482,M0069,TX,22367.05
E00166,BU05,IT,M1,2019-08-09,39326,M0059,FL,19798.0
E00167,BU02,Finance,M1,2021-06-22,56026,M0033,CA,27440.83
E00168,BU08,Finance,IC1,2024-12-19,99114,M0062,FL,37734.0
E00169,BU06,Education,IC3,2022-08-14,46964,M0050,NY,24165.62
E00170,BU08,Admin,M1,2018-12-08,70210,M0019,IL,30816.74
E00171,BU05,Operations,IC3,2014-05-09,70212,M0069,IL,29064.0
E00172,BU10,Education,M1,2016-08-22,78141,M0066,FL,31442.0
E00173,BU02,Finance,M1,2023-10-11,107211,M0047,TX,40163.0
E00174,BU06,IT,IC2,2021-12-23,103432,M0039,TX,39030.0
E00175,BU05,Finance,IC2,2024-04-01,48625,M0068,NY,24159.17
E00176,BU05,IT,IC1,2019-10-14,28731,M0033,CA,16619.0
E00177,BU01,Education,IC2,2021-08-05,47217,M0013,FL,24647.37
E00178,BU02,Admin,IC3,2022-10-21,61481,M0054,IL,26444.0
E00179,BU08,Finance,M1,2017-12-26,52756,M0007,FL,23827.0
E00180,BU03,IT,IC1,2014-02-14,119225,M0079,NY,43768.0
E00181,BU10,Admin,IC1,2014-12-04,60269,M0014,WA,26081.0
E00182,BU03,Operations,IC3,2023-12-22,75267,M0019,WA,33493.09
E00183,BU08,IT,IC1,2017-05-23,64604,M0054,NY,27381.0
E00184,BU08,Education,IC1,2020-09-25,53033,M0020,IL,23910.0
E00185,BU02,Operations,IC1,2015-04-01,30525,M0029,NY,18550.03
E00186,BU08,Operations,IC1,2016-11-22,58249,M0024,IL,26889.85
E00187,BU01,Clinical,IC1,2014-06-23,187049,M0063,TX,64115.0
E00188,BU06,Finance,IC2,2018-01-19,38733,M0074,NY,21765.99
E00189,BU08,IT,IC2,2014-09-08,31723,M0057,IL,18499.77
E00190,BU03,Operations,M1,2021-01-15,117917,M0008,NY,43375.0
E00191,BU08,Clinical,IC2,2014-05-21,77632,M0062,NY,33541.98
E00192,BU01,Education,IC3,2024-04-15,63933,M0029,IL,29020.43
E00193,BU09,Admin,IC1,2014-12-09,96465,M0074,IL,36940.0
E00194,BU09,IT,IC1,2015-03-21,44756,M0017,CA,23624.72
E00195,BU05,Operations,IC3,2015-06-09,57682,M0066,NY,27531.54
E00196,BU10,Finance,IC1,2019-02-10,83642,M0006,WA,33093.0
E00197,BU04,Clinical,IC2,2020-03-20,125320,M0058,NY,45596.0
E00198,BU06,Operations,IC3,2018-05-25,39776,M0069,NY,21703.03
E00199,BU07,Finance,IC3,2014-09-21,93738,M0028,IL,36121.0
E00200,BU05,Operations,IC1,2014-02-26,68435,M0062,NY,31049.68
E00201,BU10,IT,IC2,2016-10-09,63391,M0041,FL,27017.0
E00202,BU09,IT,IC3,2015-08-03,59712,M0069,NY,25914.0
E00203,BU03,IT,IC1,2018-02-20,36878,M0041,FL,19063.0
E00204,BU07,Education,IC3,2023-11-25,83875,M0049,WA,33162.0
E00205,BU10,Education,IC3,2019-05-26,45534,M0049,IL,24039.4
E00206,BU10,Clinical,M2,2020-07-11,41032,M0076,NY,21910.65
E00207,BU05,IT,IC1,2017-08-06,81627,M0071,FL,32488.0
E00208,BU07,Finance,M1,2020-01-02,78921,M0003,FL,33996.93
E00209,BU02,Operations,IC2,2024-06-07,61553,M0010,FL,26466.0
E00210,BU04,Admin,IC2,2021-01-18,87364,M0035,TX,34209.0
E00211,BU02,Finance,IC1,2024-02-27,98625,M0080,CA,37588.0
E00212,BU07,Education,IC3,2014-01-02,94644,M0002,WA,36393.0
E00213,BU02,Education,IC1,2019-11-27,49767,M0024,NY,25138.41
E00214,BU01,Finance,IC2,2021-05-17,85386,M0074,TX,33616.0
E00215,BU09,Education,IC1,2018-10-11,64478,M0038,NY,27343.0
E00216,BU01,IT,M1,2017-09-27,109542,M0022,NY,40863.0
E00217,BU08,Clinical,M1,2015-06-12,57337,M0026,IL,26850.36
E00218,BU02,Operations,IC3,2019-11-27,52851,M0043,IL,26300.88
E00219,BU08,Clinical,IC2,2019-11-19,48299,M0055,IL,23614.5
E00220,BU03,Operations,IC1,2024-01-22,63975,M0039,TX,27192.0
E00221,BU06,Operations,IC3,2014-01-24,70499,M0029,NY,32088.17
E00222,BU03,Clinical,IC2,2022-02-25,70975,M0020,CA,29292.0
E00223,BU07,Finance,IC1,2024-09-07,67657,M0041,WA,28297.0
E00224,BU10,Operations,IC3,2019-03-20,75725,M0054,IL,30718.0
E00225,BU09,Clinical,M2,2016-01-06,55388,M0020,IL,27661.79
E00226,BU02,Operations,IC3,2017-05-21,44118,M0019,NY,21235.0
E00227,BU05,Admin,IC3,2024-07-24,42790,M0066,NY,22426.46
E00228,BU06,Finance,M2,2017-06-01,84227,M0030,TX,37108.74
E00229,BU04,IT,IC1,2016-12-17,70588,M0053,TX,29176.0
E00230,BU04,Operations,IC3,2023-01-11,31271,M0034,IL,19535.62
E00231,BU04,Admin,M2,2016-05-22,87892,M0022,NY,34368.0
E00232,BU02,IT,IC1,2016-05-26,115630,M0067,CA,42689.0
E00233,BU04,IT,IC3,2017-06-28,46603,M0006,WA,21981.0
E00234,BU01,Operations,IC3,2020-03-18,67350,M0079,NY,28205.0
E00235,BU06,Clinical,IC3,2017-05-21,50731,M0027,NY,25705.76
E00236,BU01,Operations,IC3,2022-07-17,74601,M0010,FL,32616.04
E00237,BU10,Admin,M1,2014-05-07,39811,M0073,TX,21325.37
E00238,BU06,IT,M1,2021-05-17,58395,M0048,WA,27677.18
E00239,BU01,Operations,IC1,2020-05-20,84412,M0070,IL,33324.0
E00240,BU06,Clinical,M1,2015-10-09,92272,M0059,NY,35682.0
E00241,BU10,Operations,IC1,2021-10-17,69513,M0059,IL,31295.49
E00242,BU08,Finance,IC2,2014-03-20,53174,M0002,NY,23952.0
E00243,BU02,Clinical,IC2,2024-01-22,34289,M0029,IL,19956.46
E00244,BU02,Admin,IC2,2022-05-22,45929,M0068,WA,21779.0
E00245,BU04,IT,IC2,2022-09-28,50805,M0065,TX,24503.42
E00246,BU03,Operations,M2,2015-01-08,46901,M0026,WA,23173.5
E00247,BU04,Clinical,IC3,2020-03-17,61135,M0010,FL,28441.2
E00248,BU07,Finance,IC3,2023-04-07,53122,M0053,CA,26814.86
E00249,BU01,Clinical,IC1,2016-01-01,63592,M0079,TX,27078.0
E00250,BU06,Education,M1,2020-01-13,91210,M0059,WA,35363.0
E00251,BU03,Finance,M1,2023-08-23,51934,M0022,FL,25889.51
E00252,BU10,Admin,M1,2022-02-19,36901,M0051,CA,20990.67
E00253,BU07,IT,IC1,2017-12-27,46836,M0048,FL,23682.78
E00254,BU10,Admin,IC1,2014-08-24,73442,M0021,NY,30033.0
E00255,BU02,Operations,IC1,2015-07-19,75908,M0022,NY,30772.0
E00256,BU02,Clinical,IC1,2014-10-17,69018,M0030,IL,30610.29
E00257,BU04,Education,IC2,2018-10-13,94396,M0025,TX,36319.0
E00258,BU01,Finance,M1,2018-02-16,56093,M0028,NY,26637.71
E00259,BU03,Finance,IC2,2024-06-08,122793,M0065,FL,44838.0
E00260,BU09,Clinical,IC1,2020-06-19,79727,M0045,TX,31918.0
E00261,BU07,Education,IC2,2022-03-18,24755,M0068,NY,16709.56
E00262,BU07,Clinical,IC1,2022-11-01,112446,M0007,IL,41734.0
E00263,BU04,Operations,IC1,2016-02-14,45778,M0049,WA,21733.0
E00264,BU02,Admin,IC2,2016-12-19,41692,M0009,IL,21658.89
E00265,BU04,Finance,IC2,2016-01-15,71921,M0036,CA,29576.0
E00266,BU06,Operations,M1,2017-06-18,32586,M0001,NY,18838.89
E00267,BU03,Admin,M2,2021-12-02,46938,M0010,CA,23299.56
E00268,BU01,Operations,IC2,2019-05-22,103258,M0036,CA,38977.0
E00269,BU08,Education,IC2,2021-11-28,72742,M0073,FL,29823.0
E00270,BU05,Finance,M1,2014-09-17,79561,M0046,TX,31868.0
E00271,BU05,Clinical,IC2,2021-01-18,47576,M0032,FL,23774.84
E00272,BU04,Clinical,IC1,2017-07-06,34946,M0032,NY,20305.17
E00273,BU06,Admin,M1,2024-05-19,76679,M0006,CA,31004.0
E00274,BU03,IT,IC1,2014-05-04,82917,M0048,WA,32875.0
E00275,BU09,Education,IC3,2021-02-01,81613,M0038,CA,32484.0
E00276,BU05,Admin,IC3,2017-11-08,64420,M0017,WA,29827.23
E00277,BU03,IT,IC2,2019-03-23,42682,M0074,FL,22241.62
E00278,BU01,Operations,IC2,2021-07-07,140536,M0027,FL,50161.0
E00279,BU10,Education,M1,2017-06-03,70822,M0054,TX,32788.11
E00280,BU06,Operations,IC1,2016-12-10,56339,M0050,CA,24902.0
E00281,BU02,Finance,IC1,2022-02-10,56426,M0035,IL,24928.0
E00282,BU03,Education,IC3,2016-06-19,63093,M0025,FL,26928.0
E00283,BU01,IT,IC2,2022-02-14,87061,M0028,FL,34118.0
E00284,BU09,Finance,IC1,2015-02-02,63983,M0015,TX,27195.0
E00285,BU08,Clinical,M1,2015-02-28,80860,M0004,WA,36029.31
E00286,BU02,IT,IC2,2015-11-01,63132,M0073,TX,26940.0
E00287,BU08,Admin,M1,2019-03-23,57565,M0027,CA,27118.13
E00288,BU09,Clinical,M1,2016-02-23,74940,M0026,NY,30482.0
E00289,BU01,Clinical,IC3,2022-04-28,73950,M0019,NY,32903.33
E00290,BU05,Admin,IC2,2017-09-18,56423,M0017,WA,27594.7
E00291,BU08,Education,M2,2014-06-07,46064,M0043,FL,21819.0
E00292,BU02,Clinical,IC1,2017-01-08,67481,M0041,WA,28244.0
E00293,BU04,IT,IC3,2014-08-01,61539,M0042,FL,26462.0
E00294,BU07,Finance,IC1,2018-12-25,49306,M0050,FL,22792.0
E00295,BU03,Clinical,IC2,2017-07-23,44585,M0040,NY,23105.54
E00296,BU05,IT,IC2,2021-10-03,69125,M0039,WA,28738.0
E00297,BU08,Operations,M2,2021-03-24,72586,M0023,TX,31264.8
E00298,BU10,IT,M2,2020-01-23,52785,M0052,FL,23836.0
E00299,BU03,Finance,IC1,2016-05-27,48875,M0047,IL,24439.33
E00300,BU04,IT,IC1,2014-04-08,44775,M0063,IL,21432.0
E00301,BU09,Admin,IC3,2014-10-22,68445,M0069,TX,28534.0
E00302,BU07,Finance,IC2,2024-08-25,45189,M0043,IL,21557.0
E00303,BU01,Education,IC1,2016-01-15,131189,M0048,CA,47357.0
E00304,BU04,Operations,IC3,2019-10-05,51865,M0034,FL,25842.33
E00305,BU04,Admin,IC2,2020-01-03,25621,M0040,TX,15686.0
E00306,BU09,Education,M2,2019-12-19,59245,M0075,WA,27886.86
E00307,BU06,IT,IC1,2019-04-01,58363,M0061,FL,25509.0
E00308,BU09,Finance,IC2,2019-08-28,88354,M0050,TX,34506.0
E00309,BU06,Operations,IC2,2016-05-15,66227,M0067,NY,27868.0
E00310,BU06,Admin,M1,2019-02-08,44719,M0062,WA,23186.18
E00311,BU05,Education,IC2,2021-06-02,54164,M0058,NY,26943.55
E00312,BU05,Education,IC3,2024-05-03,67144,M0033,FL,28143.0
E00313,BU02,Operations,IC1,2024-02-24,28067,M0075,WA,17715.82
E00314,BU08,IT,M1,2015-11-14,95656,M0016,IL,36697.0
E00315,BU08,Operations,IC2,2018-11-24,44761,M0048,TX,21428.0
E00316,BU01,Education,IC1,2014-11-14,98318,M0010,FL,37495.0
E00317,BU08,Clinical,IC3,2014-03-11,68690,M0038,CA,30561.78
E00318,BU05,Admin,IC1,2018-09-16,74634,M0019,WA,30390.0
E00319,BU02,Operations,IC1,2016-07-04,89527,M0036,WA,34858.0
E00320,BU02,Education,M1,2017-07-20,73174,M0059,FL,33046.8
E00321,BU06,IT,IC2,2016-11-05,75774,M0063,FL,30732.0
E00322,BU09,Education,IC3,2014-06-22,56526,M0077,NY,24958.0
E00323,BU01,IT,IC2,2014-08-21,68204,M0046,IL,31136.75
E00324,BU06,Operations,M1,2018-04-14,48746,M0003,NY,22624.0
E00325,BU09,IT,IC1,2019-08-23,53093,M0074,NY,26420.41
E00326,BU08,Finance,IC2,2016-04-16,119091,M0065,IL,43727.0
E00327,BU06,Finance,M2,2022-08-18,45122,M0008,CA,23523.17
E00328,BU03,Finance,M1,2018-09-07,63197,M0051,NY,29004.97
E00329,BU08,Clinical,IC2,2021-03-10,62300,M0073,NY,26690.0
E00330,BU09,Operations,IC2,2014-03-07,53704,M0006,WA,25586.51
E00331,BU01,Education,M1,2018-11-01,71685,M0039,IL,29506.0
E00332,BU09,Education,IC2,2016-02-23,73600,M0060,TX,32982.2
E00333,BU06,Clinical,M1,2014-10-21,43302,M0028,CA,20991.0
E00334,BU06,IT,M1,2017-03-19,62036,M0054,CA,29232.68
E00335,BU04,Clinical,IC1,2018-03-16,40994,M0037,IL,20298.0
E00336,BU01,IT,IC1,2020-05-19,78904,M0009,FL,31671.0
E00337,BU10,IT,IC3,2014-05-04,63689,M0056,FL,27107.0
E00338,BU08,Admin,IC1,2016-02-28,61625,M0059,WA,26488.0
E00339,BU02,Education,IC2,2015-12-18,75407,M0002,WA,30622.0
E00340,BU01,Finance,M2,2022-10-02,54370,M0061,IL,26438.89
E00341,BU02,IT,IC3,2023-06-01,82447,M0058,WA,32734.0
E00342,BU01,Admin,M1,2019-05-15,42961,M0060,CA,22740.11
E00343,BU01,Education,IC3,2023-06-05,98141,M0040,CA,37442.0
E00344,BU09,Finance,IC3,2016-01-20,49374,M0036,TX,24397.71
E00345,BU01,IT,IC1,2021-05-11,33069,M0037,FL,19681.52
E00346,BU04,IT,IC2,2021-09-10,53370,M0079,IL,25937.13
E00347,BU10,Clinical,IC2,2015-12-02,51293,M0018,NY,25967.03
E00348,BU06,Clinical,IC2,2019-10-03,53230,M0063,FL,23969.0
E00349,BU07,Education,M1,2020-02-23,64931,M0022,NY,29829.2
E00350,BU02,Finance,IC2,2015-01-23,87925,M0011,TX,34378.0
E00351,BU06,IT,IC2,2024-10-12,55989,M0058,TX,27216.03
E00352,BU07,Education,IC2,2023-11-20,47001,M0057,WA,25053.98
E00353,BU10,Education,IC1,2015-09-05,40365,M0077,TX,22015.76
E00354,BU10,Operations,IC2,2023-10-05,50825,M0004,TX,25127.76
E00355,BU02,Clinical,IC1,2014-09-06,30923,M0007,NY,18740.73
E00356,BU02,Finance,IC1,2021-09-09,46453,M0061,WA,21936.0
E00357,BU10,IT,IC1,2014-06-02,92542,M0054,TX,35763.0
E00358,BU07,Education,IC2,2022-08-21,44883,M0068,FL,23579.31
E00359,BU01,IT,M1,2024-11-12,74612,M0079,TX,33899.59
E00360,BU08,Operations,IC2,2019-01-03,38977,M0001,WA,21469.55
E00361,BU03,Finance,IC2,2020-10-20,111289,M0055,IL,41387.0
E00362,BU06,Education,IC3,2023-04-26,113910,M0003,WA,42173.0
E00363,BU09,IT,IC1,2020-01-22,73634,M0078,NY,30090.0
E00364,BU06,Clinical,M1,2023-08-12,120203,M0038,IL,47930.41
E00365,BU09,Operations,IC2,2016-01-24,67814,M0001,FL,28344.0
E00366,BU07,Finance,IC2,2015-03-17,78353,M0038,CA,31506.0
E00367,BU09,Operations,IC3,2022-04-10,93123,M0029,WA,38685.93
E00368,BU02,Clinical,IC1,2021-08-24,63761,M0005,NY,27128.0
E00369,BU08,Finance,IC3,2023-06-27,34775,M0074,FL,19890.75
E00370,BU08,Operations,IC2,2020-10-14,78916,M0021,IL,31675.0
E00371,BU02,Admin,M1,2022-12-23,50759,M0071,FL,25806.4
E00372,BU04,Clinical,IC1,2017-07-17,52097,M0067,WA,23629.0
E00373,BU07,Clinical,IC2,2017-08-18,66454,M0047,TX,29977.84
E00374,BU04,Clinical,IC3,2014-02-19,72999,M0035,WA,32483.55
E00375,BU04,Admin,IC1,2021-10-17,63104,M0068,CA,26931.0
E00376,BU06,Admin,IC2,2016-11-14,74795,M0069,WA,30438.0
E00377,BU10,IT,IC3,2020-08-09,46751,M0001,IL,23441.48
E00378,BU06,Education,M1,2015-03-08,58986,M0068,IL,25696.0
E00379,BU10,Operations,IC2,2015-07-02,80594,M0012,WA,32178.0
E00380,BU03,IT,M1,2020-03-13,111355,M0060,IL,44404.24
E00381,BU09,Operations,M2,2019-07-25,126027,M0027,TX,50002.78
E00382,BU10,Education,M1,2016-11-07,69671,M0056,FL,28901.0
E00383,BU02,Admin,IC1,2022-12-09,80338,M0023,WA,32101.0
E00384,BU06,Education,IC3,2023-02-22,119797,M0025,TX,43939.0
E00385,BU07,Admin,IC2,2019-10-22,47345,M0021,FL,24172.82
E00386,BU09,Education,M2,2023-06-11,74637,M0061,FL,33180.98
E00387,BU03,IT,IC2,2023-03-14,78348,M0063,TX,31504.0
E00388,BU10,Finance,IC1,2019-03-04,99385,M0052,NY,37816.0
E00389,BU03,IT,IC3,2014-09-26,40215,M0025,WA,20064.0
E00390,BU07,Operations,IC2,2017-07-26,43097,M0055,FL,22247.87
E00391,BU04,IT,M2,2023-05-13,60324,M0046,FL,27723.35
E00392,BU08,Clinical,M2,2019-12-02,68337,M0032,IL,31570.21
E00393,BU07,Operations,IC3,2019-10-23,88699,M0055,FL,37281.06
E00394,BU05,Education,IC1,2024-07-05,71764,M0005,TX,32144.14
E00395,BU07,Operations,IC3,2018-09-11,56784,M0036,FL,26604.82
E00396,BU03,Finance,IC1,2014-01-06,69270,M0049,NY,28781.0
E00397,BU02,Admin,IC1,2021-07-18,66527,M0058,WA,27958.0
E00398,BU06,Education,M1,2018-06-21,110278,M0039,WA,41083.0
E00399,BU02,Operations,IC1,2018-10-10,63448,M0080,FL,27034.0
E00400,BU03,Education,IC2,2020-12-04,52361,M0061,CA,26107.18
E00401,BU06,Education,M2,2017-09-09,70078,M0009,CA,32175.9
E00402,BU05,Education,IC2,2019-01-06,64181,M0006,TX,29284.7
E00403,BU08,Admin,IC2,2017-04-02,34550,M0035,CA,19865.51
E00404,BU09,IT,M1,2016-09-17,59547,M0039,TX,25864.0
E00405,BU03,Education,IC1,2020-04-05,57800,M0022,IL,25340.0
E00406,BU10,Clinical,M1,2021-10-25,49496,M0041,TX,24838.23
E00407,BU03,Finance,M2,2017-03-06,86030,M0005,CA,36644.67
E00408,BU03,Admin,M1,2015-09-26,45479,M0042,FL,23164.53
E00409,BU06,Operations,IC3,2023-02-12,70225,M0076,IL,29068.0
E00410,BU01,Admin,IC2,2016-04-23,56854,M0080,CA,27490.83
E00411,BU07,Operations,IC2,2014-06-21,62174,M0067,TX,26652.0
E00412,BU01,Admin,M1,2021-02-10,69156,M0030,NY,31094.62
E00413,BU05,Operations,M1,2016-08-22,37886,M0057,WA,21490.87
E00414,BU10,Education,IC2,2023-08-21,64028,M0073,CA,29186.38
E00415,BU08,IT,IC1,2020-01-27,133403,M0029,TX,48021.0
E00416,BU04,Operations,IC1,2023-12-25,34722,M0037,IL,20063.67
E00417,BU05,Operations,IC1,2018-03-06,58679,M0013,CA,28343.51
E00418,BU04,Clinical,IC3,2023-10-27,88711,M0032,CA,34613.0
E00419,BU04,Operations,IC2,2018-09-08,66541,M0046,WA,27962.0
E00420,BU08,Clinical,M1,2020-05-02,76175,M0023,TX,33912.69
E00421,BU02,Finance,IC3,2022-06-12,26069,M0045,NY,17213.55
E00422,BU01,Education,IC1,2018-04-13,73820,M0017,IL,33208.28
E00423,BU03,Clinical,IC3,2014-10-25,45863,M0066,TX,21759.0
E00424,BU09,IT,IC2,2023-02-21,66733,M0006,IL,28020.0
E00425,BU04,Education,IC3,2023-11-07,59260,M0018,CA,25778.0
E00426,BU10,Clinical,IC3,2014-08-10,132909,M0022,WA,47873.0
E00427,BU05,Education,M1,2015-11-13,72500,M0033,WA,29750.0
E00428,BU02,Education,M1,2019-06-17,57560,M0030,FL,27087.82
E00429,BU04,Education,IC2,2022-05-26,35299,M0032,NY,18590.0
E00430,BU02,Finance,IC1,2021-09-21,62467,M0042,WA,26740.0
E00431,BU02,IT,IC3,2018-01-28,79868,M0078,CA,34383.29
E00432,BU04,Admin,IC1,2014-05-26,58210,M0010,NY,27504.67
E00433,BU06,Admin,IC2,2020-06-14,50162,M0036,TX,25443.3
E00434,BU07,Clinical,IC1,2018-05-02,49001,M0034,WA,24119.1
E00435,BU10,Education,IC3,2019-06-28,72208,M0073,NY,29662.0
E00436,BU03,Clinical,IC1,2020-06-22,78103,M0028,CA,34593.38
E00437,BU03,Finance,IC3,2016-07-11,96416,M0011,FL,36925.0
E00438,BU10,Finance,M2,2023-04-01,42266,M0078,IL,22225.08
E00439,BU06,Operations,IC1,2016-11-19,71976,M0039,IL,29593.0
E00440,BU03,Finance,IC1,2018-08-21,57377,M0047,CA,25213.0
E00441,BU02,Operations,IC2,2019-07-04,57972,M0019,CA,25392.0
E00442,BU08,IT,M1,2022-09-19,68916,M0015,IL,30841.41
E00443,BU05,Clinical,IC1,2018-07-26,69056,M0028,FL,30615.13
E00444,BU01,IT,IC2,2014-03-21,72047,M0024,NY,32267.65
E00445,BU03,Finance,IC1,2017-03-11,41352,M0072,IL,23055.78
E00446,BU10,IT,M1,2018-08-08,46054,M0009,CA,23997.09
E00447,BU08,IT,IC2,2023-05-11,100715,M0047,WA,38214.0
E00448,BU04,IT,M1,2023-04-04,55426,M0033,TX,24628.0
E00449,BU07,Finance,M1,2018-08-17,66643,M0062,FL,29958.45
E00450,BU10,Education,IC1,2020-06-27,86607,M0019,FL,33982.0
E00451,BU02,IT,M1,2017-02-07,70418,M0067,WA,31718.69
E00452,BU07,Operations,IC1,2014-04-08,72496,M0074,WA,29749.0
E00453,BU05,Finance,M1,2018-12-03,81888,M0040,CA,32566.0
E00454,BU05,IT,IC3,2020-11-22,28543,M0047,IL,16563.0
E00455,BU06,Education,M1,2023-04-02,50439,M0065,NY,25294.34
E00456,BU09,Finance,IC1,2023-06-23,70545,M0029,FL,29164.0
E00457,BU06,Admin,IC1,2019-06-15,97312,M0050,FL,37194.0
E00458,BU08,Education,IC2,2018-01-24,61275,M0013,WA,26382.0
E00459,BU07,Operations,IC2,2017-08-22,44549,M0001,IL,23002.13
E00460,BU09,IT,IC1,2015-06-22,44966,M0034,FL,21490.0
E00461,BU04,Admin,IC2,2017-03-05,81581,M0048,NY,32474.0
E00462,BU02,Admin,IC1,2023-09-24,55480,M0077,WA,24644.0
E00463,BU07,Finance,IC2,2023-02-01,59723,M0048,NY,27212.85
E00464,BU06,Admin,M1,2016-11-26,74255,M0049,IL,32640.66
E00465,BU01,Operations,IC2,2023-08-04,21687,M0064,FL,15784.63
E00466,BU09,Operations,IC1,2014-10-15,120587,M0061,TX,44176.0
E00467,BU09,Clinical,IC2,2021-03-20,46357,M0029,FL,21907.0
E00468,BU02,Operations,IC1,2018-12-19,65165,M0039,IL,27550.0
E00469,BU03,Education,M2,2017-05-03,32970,M0026,FL,19431.61
E00470,BU05,Admin,IC1,2021-06-20,51643,M0017,FL,23493.0
E00471,BU05,Operations,IC3,2020-10-11,92563,M0071,CA,35769.0
E00472,BU01,Finance,M2,2015-06-17,30618,M0013,FL,17185.0
E00473,BU08,Clinical,M1,2014-04-27,88802,M0069,FL,37677.22
E00474,BU08,Admin,IC3,2024-03-13,54405,M0026,NY,27116.96
E00475,BU04,Clinical,M1,2017-04-11,71005,M0049,TX,29302.0
E00476,BU07,Admin,M2,2021-01-02,75368,M0067,NY,30610.0
E00477,BU10,Finance,IC3,2015-04-09,69877,M0007,NY,28963.0
E00478,BU03,Clinical,IC3,2016-01-26,44235,M0058,WA,22911.73
E00479,BU06,IT,IC3,2014-12-02,52702,M0049,CA,26200.41
E00480,BU10,Education,IC2,2014-01-21,35899,M0053,NY,18770.0
E00481,BU10,Education,IC3,2016-10-09,71120,M0065,IL,32811.61
E00482,BU09,Admin,IC2,2024-06-09,108632,M0062,IL,40590.0
E00483,BU01,IT,IC1,2018-05-08,31617,M0017,FL,19527.32
E00484,BU05,Clinical,IC1,2016-11-17,45863,M0043,WA,21759.0
E00485,BU04,IT,IC1,2014-04-01,56184,M0025,CA,24855.0
E00486,BU08,IT,IC2,2014-11-25,63619,M0003,CA,27086.0
E00487,BU01,Clinical,IC1,2021-03-11,81447,M0079,FL,32434.0
E00488,BU09,Finance,IC3,2023-01-08,56768,M0029,IL,26334.0
E00489,BU06,IT,IC2,2024-06-10,53606,M0032,TX,25943.27
E00490,BU04,IT,M1,2015-02-25,88088,M0026,WA,34426.0
E00491,BU09,Finance,IC1,2016-08-07,75486,M0016,FL,30646.0
E00492,BU05,IT,IC1,2015-10-03,72305,M0025,WA,29692.0
E00493,BU05,IT,IC3,2016-05-03,62279,M0054,IL,28993.0
E00494,BU05,IT,IC3,2020-07-18,84466,M0028,IL,33340.0
E00495,BU01,Education,IC1,2014-10-05,47586,M0073,TX,22276.0
E00496,BU01,Operations,M1,2023-12-12,45368,M0056,TX,23414.79
E00497,BU08,Finance,M1,2021-02-12,77741,M0065,CA,32888.1
E00498,BU08,IT,IC2,2023-08-19,33902,M0080,WA,19794.72
E00499,BU06,Education,IC2,2023-02-06,61837,M0041,WA,29694.05
E00500,BU04,Finance,M2,2023-04-02,53595,M0051,IL,26617.05
